Unnamed: 0,Start,End,Name of Conflict,Belligerents,Unnamed: 4,Part of,War link,Wider conflict link,Wikipedia pageviews (2025 - 2026),Continent,Unnamed: 5,Unnamed: 6
91,"c.
1194
BC","c. 1184
BC",Trojan War[41],"Achaeans (mainly Mycenaens
and Spartans)",Troy,,https://en.wikipedia.org/wiki/Trojan_War,,2069046.0,Asia,,
82,"c.
1270
BC","c. 1269
BC","Ramesses II's Later Syrian
Campaigns",New Kingdom of Egypt,Hittite Empire,,https://en.wikipedia.org/wiki/Ramesses_II#Later_Syrian_campaigns,https://en.wikipedia.org/wiki/Ramesses_II#Later_Syrian_campaigns,1746873.0,Undefined,,
79,"c.
1276
BC","c. 1275
BC","Ramesses II's First Syrian
Campaign[35]",Egypt,"Canaan
Amurru kingdom",,https://en.wikipedia.org/wiki/Ramesses_II#First_Syrian_campaign,https://en.wikipedia.org/wiki/Ramesses_II#First_Syrian_campaign,1746873.0,Undefined,,
81,"c.
1270
BC","c. 1270
BC","Ramesses II's Third Syrian
Campaign",Egypt,Hittite Empire,,https://en.wikipedia.org/wiki/Ramesses_II#Third_Syrian_campaign,https://en.wikipedia.org/wiki/Ramesses_II#Third_Syrian_campaign,1746873.0,Undefined,,
80,"c.
1274
BC","c. 1274
BC","Ramesses II's Second
Syrian campaign[36][37]",Hittite Empire,New Kingdom of Egypt,,https://en.wikipedia.org/wiki/Ramesses_II#Second_Syrian_campaign,https://en.wikipedia.org/wiki/Ramesses_II#Second_Syrian_campaign,1746873.0,Undefined,,
87,"c.
1250
BC","c. 1250
BC","Ramesses II's Libyan
Campaigns",Egypt,Libya,,https://en.wikipedia.org/wiki/Ramesses_II#Libyan_campaigns,https://en.wikipedia.org/wiki/Ramesses_II#Libyan_campaigns,1746873.0,Undefined,,
85,"c.
1260
BC","c. 1260
BC","Ramesses II's Nubian
Campaigns",Egypt,Nubia,,https://en.wikipedia.org/wiki/Ramesses_II#Nubian_campaigns,https://en.wikipedia.org/wiki/Ramesses_II#Nubian_campaigns,1746873.0,Undefined,,
411,434 AD,453 AD,"Hunnic invasion of
Europe",Hunnic Empire,"Eastern Roman Empire
Western Roman Empire
Franks
Goths
Burgundians
Saxons
Alans
Minor Germanic and Gallic
tribes",,https://en.wikipedia.org/wiki/Huns#History,https://en.wikipedia.org/wiki/Huns#History,1528239.0,Undefined,,
344,60 or 61 AD,60 or 61 AD,Boudica's Uprising,Roman Empire,"Iceni, Trinovantes, and
other British tribes.",,https://en.wikipedia.org/wiki/Boudica#Uprising,,1511560.0,Undefined,,
44,"c.
1732
BC","c. 1726
or 1720
BC",Assyrian Civil War,Troops of Adasi,"Troops of Puzur-Sin
Troops of Ashur-apla-
idi
Troops of Nasir-Sin
Troops of Sin-namir
Troops of Ipqi-Ishtar
Troops of Adad-salulu
Amorites
Babylon",,https://en.wikipedia.org/wiki/Assyria#Assyrian_Adaside_dynasty.2C_1732.E2.80.931451_BC,,1127555.0,Undefined,,
409,426 AD,426 AD,"Conquest of Copán
and Quiriguá",Teotihuacan,"Copán
Quiriguá",,https://en.wikipedia.org/wiki/Teotihuacan#Year_426:_Conquest_of_Cop%C3%A1n_and_Quirigu%C3%A1,https://en.wikipedia.org/wiki/Teotihuacan#Year_426:_Conquest_of_Cop%C3%A1n_and_Quirigu%C3%A1,1059278.0,Undefined,,
184,431 BC,404 BC,Peloponnesian War,Peloponnesian League,Delian League,,https://en.wikipedia.org/wiki/Peloponnesian_War,,1037811.0,Asia,,
255,209 BC,206 BC,Fall of the Qin dynasty,"Rebel forces of the six
states",Qin dynasty,,https://en.wikipedia.org/wiki/Qin_dynasty,,1024740.0,Asia,,
89,"c.
1206
BC","c. 1150
BC",Late Bronze Age collapse[39],Sea peoples,"Hittites
New Kingdom of Egypt
Mycenaean Greece",,https://en.wikipedia.org/wiki/Late_Bronze_Age_collapse,,936365.0,Africa,,
24,"Late 24th century
BC",,"Formation of the Akkadian
Empire[25]","Akkad
Kish (after being conquered)","Kish (before being
conquered)
Lagash
Uruk
Umma
Ur
Kazallu",,https://en.wikipedia.org/wiki/Akkadian_Empire#Sargon_of_Akkad,https://en.wikipedia.org/wiki/Akkadian_Empire#Sargon_of_Akkad,924050.0,Undefined,,
25,"Early 23rd century
BC",,"Sargon's campaigns
northeast of the Akkadian
Empire",Akkad,"Mari
Yarmuti
Ebla",,https://en.wikipedia.org/wiki/Akkadian_Empire#Sargon_of_Akkad,https://en.wikipedia.org/wiki/Akkadian_Empire#Sargon_of_Akkad,924050.0,Undefined,,
332,9 AD,9 AD,"Battle of the Teutoburg
Forest",Cherusci,Roman Empire,,https://en.wikipedia.org/wiki/Battle_of_the_Teutoburg_Forest,https://en.wikipedia.org/wiki/Battle_of_the_Teutoburg_Forest,836278.0,Undefined,,
51,"c.
1595
BC","c. 1595
BC",Sack of Babylon,Hittite Empire,Babylon,,https://en.wikipedia.org/wiki/Babylonia#The_sack_of_Babylon_and_ancient_Near_East_chronology,,813370.0,Undefined,,
78,"c.
1315
BC","c. 1315
BC",Arzawa Revolt[34],"Arzawa
Ahhiyawa",Hittite Empire,,https://en.wikipedia.org/wiki/Mycenaean_Greece#Involvement_in_Asia_Minor,,792429.0,Undefined,,
86,"c.
1260
BC","c. 1255
BC",Piyama-Radu Revolt[38],"Piyama-Radu
Ahhiyawa",Hittite Empire,,https://en.wikipedia.org/wiki/Mycenaean_Greece#Involvement_in_Asia_Minor,,792429.0,Undefined,,
585,966 AD,966 AD,"Second Viking Raid in
Portugal",Emirate of Córdoba,Vikings,,https://en.wikipedia.org/wiki/Viking_Age#Portugal,https://en.wikipedia.org/wiki/Viking_Age#Portugal,744293.0,Undefined,,
555,844 AD,844 AD,Viking Raid in Portugal,Vikings,Emirate of Córdoba,,https://en.wikipedia.org/wiki/Viking_Age#Portugal,,744293.0,Undefined,,
548,c. 795 AD,940 AD,"Viking Invasion of
Francia",Vikings,Frankish Kingdom,,https://en.wikipedia.org/wiki/Viking_Age#France,https://en.wikipedia.org/wiki/Viking_Age#France,744293.0,Undefined,,
553,839 AD,after 844 AD,Viking Raids in Spain,"Kingdom of Asturias
Emirate of Córdoba",Vikings,,https://en.wikipedia.org/wiki/Viking_Age#Spain,,744293.0,Undefined,,
224,264 BC,146 BC,Punic Wars,Roman Republic,Carthage,,https://en.wikipedia.org/wiki/Punic_Wars,,735124.0,Africa,,
345,66 AD,73 AD,"First Jewish–Roman
War",Roman Empire,"Judean rebels: Sadducees
and volunteers from
Adiabene",,https://en.wikipedia.org/wiki/First_Jewish%E2%80%93Roman_War,https://en.wikipedia.org/wiki/First_Jewish%E2%80%93Roman_War,715081.0,Asia,,
380,270 AD,271 AD,"Campaigns against
Germanic tribes
",Roman Empire,"Vandals
Juthungi
Sarmatians
Alamanni
Goths","Wars of
Emperor Aurelian",https://en.wikipedia.org/wiki/Aurelian#Reunification_of_the_empire,https://en.wikipedia.org/wiki/Aurelian#Reunification_of_the_empire,690410.0,Undefined,,
383,274 AD,274 AD,"Conquest of the Gallic
Empire
",Roman Empire,Gallic Empire,"Wars of
Emperor Aurelian",https://en.wikipedia.org/wiki/Aurelian#Conquest_of_the_Gallic_Empire,https://en.wikipedia.org/wiki/Aurelian#Conquest_of_the_Gallic_Empire,690410.0,Undefined,,
379,270 AD,274 AD,"Wars of Emperor
Aurelian",Roman Empire,"Vandals
Juthungi
Sarmatians
Alamanni
Rebellious mint workers
Goths
Palmyrene Empire
Troops of Firmus
Province of Egypt
Sassanid Empire
Gallic Empire",,https://en.wikipedia.org/wiki/Aurelian,,690410.0,Undefined,,
382,272 AD,273 AD,"Conquest of the
Palmyrene Empire
",Roman Empire,"Palmyrene Empire
Troops of Firmus
Province of Egypt
Sassanid Empire","Wars of
Emperor Aurelian",https://en.wikipedia.org/wiki/Aurelian#Conquest_of_the_Palmyrene_Empire,https://en.wikipedia.org/wiki/Aurelian#Conquest_of_the_Palmyrene_Empire,690410.0,Undefined,,
249,218 BC,201 BC,"Second Punic War
",Roman Republic,Carthage,Punic Wars,https://en.wikipedia.org/wiki/Second_Punic_War,,685122.0,Africa,,
356,132 AD,136 AD,Bar Kokhba revolt,Roman Empire,"Jews of Iudaea under
Simon Bar Kokhba",,https://en.wikipedia.org/wiki/Bar_Kokhba_revolt,,664467.0,Asia,,
515,715 AD,718 AD,Frankish Civil War,Charles Martel,Neustrian nobility,,https://en.wikipedia.org/wiki/Charles_Martel#Civil_war_of_715%E2%80%93718,,663938.0,Undefined,,
459,622 AD,750 AD,"Early Muslim
conquests","First Islamic state
Rashidun Caliphate
Umayyad Caliphate","Sasanian Empire
Byzantine Empire
Western Turkic Khaganate
Tang dynasty
Chach dynasty
Visigothic Kingdom",,https://en.wikipedia.org/wiki/Early_Muslim_conquests,https://en.wikipedia.org/wiki/Early_Muslim_conquests,654887.0,Africa,,
147,540 BC,539 BC,"Cyrus' Conquest of Elam
",Achaemenid Empire,Elam,"Wars of Cyrus
the Great",https://en.wikipedia.org/wiki/Elam#Neo-Elamite_III_(646%E2%80%93539_BC),,618613.0,Undefined,,
26,"Early 23rd century
BC",,Sargon's invasion of Elam[26],Akkad,"Elam
Susa
Marhasi",,https://en.wikipedia.org/wiki/Sargon_of_Akkad#Wars_in_the_northwest_and_east,,618050.0,Undefined,,
472,633 AD,644 AD,"Muslim conquest of
Persia
",Rashidun Caliphate,"Sassanid Empire
Arab Christians","Muslim
conquests",https://en.wikipedia.org/wiki/Muslim_conquest_of_Persia,https://en.wikipedia.org/wiki/Muslim_conquest_of_Persia,595113.0,Asia,,
370,232 AD,c. 268 AD,"Civil Wars during the
Crisis of the Third
Century",Illyriciani,"Various Barracks emperors
Various Usurpers, co-
emperors, high officials and",,https://en.wikipedia.org/wiki/Crisis_of_the_Third_Century,https://en.wikipedia.org/wiki/Crisis_of_the_Third_Century,592109.0,Africa,,
166,475 BC,221 BC,"Wars of Warring States
period in China",Seven Warring States,Seven Warring States,,https://en.wikipedia.org/wiki/Warring_States_period,https://en.wikipedia.org/wiki/Warring_States_period,590723.0,Asia,,
155,499 BC,448 BC,Greco-Persian Wars,"Greek city states:
Athens
Sparta
Thespians
Thebans
Other Greek Forces
Cyprus
Delian League
Other pro-Greek Forces","Achaemenid Empire
Other pro-Persian Forces",,https://en.wikipedia.org/wiki/Greco-Persian_Wars,,548232.0,Africa,,
205,334 BC,323 BC,"Wars of Alexander the
Great",Macedon,"Persian Empire
Pauravas
Greek city states
Thrace
Getae
Sogdiana",,https://en.wikipedia.org/wiki/Wars_of_Alexander_the_Great,https://en.wikipedia.org/wiki/Wars_of_Alexander_the_Great,507836.0,Africa,,
74,"c.
1429
BC","c. 1428
BC","Thutmose III's Nubian
Campaign*",Egyptian Empire,Nubia,,https://en.wikipedia.org/wiki/Thutmose_III#Nubian_campaign,https://en.wikipedia.org/wiki/Thutmose_III#Nubian_campaign,504837.0,Undefined,,
61,"c.
1448
BC","c. 1447
BC","Thutmose III's Seventh Syria
Campaign*",Egyptian Empire,"Retjenu
Phoenicia",,https://en.wikipedia.org/wiki/Thutmose_III#Conquest_of_Syria,https://en.wikipedia.org/wiki/Thutmose_III#Conquest_of_Syria,504837.0,Undefined,,
63,"c.
1445
BC","c. 1444
BC","Thutmose III's Ninth Syria
Campaign*",Egyptian Empire,Nuhašše,,https://en.wikipedia.org/wiki/Thutmose_III#Tours_of_Syria,https://en.wikipedia.org/wiki/Thutmose_III#Tours_of_Syria,504837.0,Undefined,,
64,"c.
1444
BC","c. 1443
BC","Thutmose III's Tenth Syria
Campaign*",Egyptian Empire,Mitanni,,https://en.wikipedia.org/wiki/Thutmose_III#Tours_of_Syria,https://en.wikipedia.org/wiki/Thutmose_III#Tours_of_Syria,504837.0,Undefined,,
62,"c.
1447
BC","c. 1446
BC","Thutmose III's Attack on
Mitanni (Eighth Syria
Campaign)*",Egyptian Empire,Mitanni,,https://en.wikipedia.org/wiki/Thutmose_III#Attack_on_Mitanni,https://en.wikipedia.org/wiki/Thutmose_III#Attack_on_Mitanni,504837.0,Undefined,,
58,"c.
1454
BC","c. 1453
BC","Thutmose III's Fourth Syria
Campaign*",Egyptian Empire,"Canaan
Retjenu",,https://en.wikipedia.org/wiki/Thutmose_III#Tours_of_Canaan_and_Syria,https://en.wikipedia.org/wiki/Thutmose_III#Tours_of_Canaan_and_Syria,504837.0,Undefined,,
69,"c.
1440
BC","c. 1439
BC","Thutmose III's Fourteenth
Syria Campaign*",Egyptian Empire,Shasu,,https://en.wikipedia.org/wiki/Thutmose_III#Tours_of_Syria,https://en.wikipedia.org/wiki/Thutmose_III#Tours_of_Syria,504837.0,Undefined,,
68,"c.
1441
BC","c. 1440
BC","Thutmose III's Thirteenth
Syria Campaign*",Egyptian Empire,Nuhašše,,https://en.wikipedia.org/wiki/Thutmose_III#Tours_of_Syria,https://en.wikipedia.org/wiki/Thutmose_III#Tours_of_Syria,504837.0,Undefined,,
66,"c.
1442
BC","c. 1441
BC","Thutmose III's Twelfth Syria
Campaign*",Egyptian Empire,Unknown,,https://en.wikipedia.org/wiki/Thutmose_III#Tours_of_Syria,https://en.wikipedia.org/wiki/Thutmose_III#Tours_of_Syria,504837.0,Undefined,,
60,"c.
1449
BC","c. 1448
BC","Thutmose III's Sixth Syria
Campaign*",Egyptian Empire,"Byblos
Retjenu
Kadesh",,https://en.wikipedia.org/wiki/Thutmose_III#Conquest_of_Syria,https://en.wikipedia.org/wiki/Thutmose_III#Conquest_of_Syria,504837.0,Undefined,,
57,"c.
1455
BC","c. 1454
BC","Thutmose III's Third Syria
Campaign*",Egyptian Empire,"Canaan
Retjenu",,https://en.wikipedia.org/wiki/Thutmose_III#Tours_of_Canaan_and_Syria,https://en.wikipedia.org/wiki/Thutmose_III#Tours_of_Canaan_and_Syria,504837.0,Undefined,,
56,"c.
1456
BC","c. 1455
BC","Thutmose III's Second Syria
Campaign*",Egyptian Empire,"Canaan
Retjenu",,https://en.wikipedia.org/wiki/Thutmose_III#Tours_of_Canaan_and_Syria,https://en.wikipedia.org/wiki/Thutmose_III#Tours_of_Canaan_and_Syria,504837.0,Undefined,,
59,"c.
1450
BC","c. 1449
BC","Thutmose III's Fifth Syria
Campaign*",Egyptian Empire,"Canaan
Retjenu
Kadesh
Tunip
Phoenicia",,https://en.wikipedia.org/wiki/Thutmose_III#Conquest_of_Syria,https://en.wikipedia.org/wiki/Thutmose_III#Conquest_of_Syria,504837.0,Undefined,,
246,1337,1453,"Hundred Years'
War","Kingdom of France
Crown of Castile
Kingdom of Scotland","Kingdom of England
Duchy of Burgundy",,https://en.wikipedia.org/wiki/Hundred_Years'_War,https://en.wikipedia.org/wiki/Hundred_Years'_War,2288735.0,Europe,,
106,1191,1191,"Conquest of Cyprus by
Richard I",Kingdom of England,Isaac Komnenos of Cyprus,,https://en.wikipedia.org/wiki/Richard_I_of_England#Conquest_of_Cyprus:~:text=Conquest_of_Cyprus_by_Richard_I,https://en.wikipedia.org/wiki/Richard_I_of_England#Conquest_of_Cyprus:~:text=Conquest_of_Cyprus_by_Richard_I,2024752.0,Undefined,,
400,1455,1487,"Wars of the
Roses",House of Lancaster,House of York,,https://en.wikipedia.org/wiki/Wars_of_the_Roses,https://en.wikipedia.org/wiki/Wars_of_the_Roses,1974245.0,Europe,,
393,1453,1453,"Fall of
Constantinople",Ottoman Empire,"Byzantine Empire
Republic of Genoa",,https://en.wikipedia.org/wiki/Fall_of_Constantinople,https://en.wikipedia.org/wiki/Fall_of_Constantinople,1745353.0,Asia,,
13,1015,1016,"Cnut the Great's conquest of
England","Denmark
Poland",England,,https://en.wikipedia.org/wiki/Cnut#Conquest_of_England,https://en.wikipedia.org/wiki/Cnut#Conquest_of_England,1391988.0,Undefined,,
62,1096,1099,"First Crusade
","Crusaders
Kingdom of France
County of Auvergne
Counts of Blois
County of Toulouse
County of Boulogne
Duchy of Burgundy
County of Flanders
Duchy of Normandy
Diocese of Le Puy-en-Velay
Duchy of Brittany
Vermandois
Holy Roman Empire
Republic of Genoa
County of Sicily","Muslim forces
Fatimid Caliphate
Seljuk Empire
Sultanate of Rum
Danishmendids
Seljuk Emirate of
Aleppo
Seljuk Emirate of
Damascus
Abbasid Caliphate",Crusades,https://en.wikipedia.org/wiki/First_Crusade,,1067386.0,Asia,,
105,1189,1192,"Third Crusade
","Kingdom of Jerusalem
Kingdom of England
Kingdom of France
Holy Roman Empire
Knights Templar
Kingdom of Sicily","Ayyubid Dynasty
Zengid Dynasty
Byzantine Empire",Crusades,https://en.wikipedia.org/wiki/Third_Crusade,,787256.0,Asia,,
42,1066,1066,Battle of Stamford Bridge,Kingdom of England,"Norway
Earldom of Orkney",,https://en.wikipedia.org/wiki/Battle_of_Stamford_Bridge,,694059.0,Europe,,
344,1419,1434,Hussite Wars,"Holy Roman Empire
Royalists
Hungary
Pope
moderated Hussites
(Utraquists)
Serbian mercenaries[4]","Hussites 1419–1423,
Radical Hussites
(Taborites and Orebites)
1423–1434",,https://en.wikipedia.org/wiki/Hussite_Wars,,612717.0,Europe,,
113,1202,1204,"Fourth Crusade
","Holy Roman Empire
Republic of Venice
Monferrat",Byzantine Empire,Crusades,https://en.wikipedia.org/wiki/Fourth_Crusade,https://en.wikipedia.org/wiki/Crusades,586877.0,Asia,,
103,1187,1187,"Battle of Hattin
",Ayyubid Dynasty,"Kingdom of Jerusalem
County of Tripoli
Principality of Antioch",Crusades,https://en.wikipedia.org/wiki/Battle_of_Hattin,,568273.0,Undefined,,
174,1274,1281,"Mongol invasions of
Japan",Kamakura Shogunate,"Mongol Empire
Goryeo
Yuan dynasty",,https://en.wikipedia.org/wiki/Mongol_invasions_of_Japan,https://en.wikipedia.org/wiki/Mongol_invasions_of_Japan,548743.0,Asia,,
122,1209,1229,"Albigensian Crusade
",Kingdom of France,"Counts of Toulouse
Crown of Aragon",Crusades,https://en.wikipedia.org/wiki/Albigensian_Crusade,,513546.0,Europe,,
290,1381,1381,Peasants' Revolt,Kingdom of England,English peasants,,https://en.wikipedia.org/wiki/Peasants'_Revolt,,469761.0,Europe,,
81,1135,1154,The Anarchy,Stephen of Blois,"Empress Matilda
Henry Plantagenet",,https://en.wikipedia.org/wiki/The_Anarchy,,444463.0,Europe,,
323,1403,1403,Percy Rebellion,Kingdom of England,English rebels,,https://en.wikipedia.org/wiki/Henry_Percy_(Hotspur),,410901.0,Undefined,,
119,1206,1368,"Mongol invasions and
conquests",Mongol Empire,"Western Xia
Jin dynasty
Manchuria
Dali Kingdom
Khwarizmian Empire
Kara-Khitan Khanate
Song dynasty
Kievan Rus'
Volga Bulgaria
Byzantine Empire
Kingdom of Poland
Kingdom of Hungary
Kingdom of Croatia
Kingdom of Serbia
Bulgarian Empire
Sultanate of Rûm
Empire of Trebizond
Crusader states
Sukhothai Kingdom
Mamluk Sultanate
Abbasid Caliphate
Goryeo
Pagan Kingdom",,https://en.wikipedia.org/wiki/Mongol_invasions_and_conquests,https://en.wikipedia.org/wiki/Mongol_invasions_and_conquests,408413.0,Asia,,
92,1177,1177,"Battle of Montgisard
",Kingdom of Jerusalem,Ayyubid Dynasty,Crusades,https://en.wikipedia.org/wiki/Battle_of_Montgisard,,406890.0,Undefined,,
304,1389,1389,Battle of Kosovo,Ottoman Empire,"Moravian Serbia
District of Branković
Kingdom of Bosnia
Knights Hospitaller",,https://en.wikipedia.org/wiki/Battle_of_Kosovo,,402330.0,Europe,,
311,1396,1396,Battle of Nicopolis,"Ottoman Empire
Moravian Serbia","Holy Roman Empire
Bohemian Crown
Duchy of Savoy
Swiss Confederacy
Kingdom of France
Duchy of Burgundy
Kingdom of Hungary
Voivodship of
Transylvania
Kingdom of Croatia
Principality of Wallachia[2]
Knights Hospitaller
Republic of Venice
Republic of Genoa
Second Bulgarian
Empire[3]
Poland Middle Ages
Kingdom of Navarre
Teutonic Knights
Byzantine Empire",,https://en.wikipedia.org/wiki/Battle_of_Nicopolis,,394340.0,Europe,,
83,1145,1149,"Second Crusade
","Sultanate of Rûm
Almoravid Dynasty
Zengid Dynasty
Fatimid Caliphate","Kingdom of Jerusalem
Kingdom of France
Holy Roman Empire
Kingdom of Portugal
Kingdom of Castile
County of Barcelona
Kingdom of León
Byzantine Empire
Kingdom of Sicily
Kingdom of England",Crusades,https://en.wikipedia.org/wiki/Second_Crusade,,388257.0,Asia,,
104,1187,1187,Siege of Jerusalem,Ayyubid Dynasty,Kingdom of Jerusalem,,https://en.wikipedia.org/wiki/Siege_of_Jerusalem_(1187),,381874.0,Undefined,,
199,1296,1328,"First War of Scottish
Independence",Kingdom of Scotland,Kingdom of England,,https://en.wikipedia.org/wiki/First_War_of_Scottish_Independence,https://en.wikipedia.org/wiki/First_War_of_Scottish_Independence,339385.0,Undefined,,
84,1147,1242,"Northern Crusades
","Kingdom of Denmark
Kingdom of Sweden
Sword-Brothers
Teutonic Order","Estonians
Oeselians
Semigallians
Curonians
Latgallians
Selonians
Livonians
Prussians
Polabian Slavs",Crusades,https://en.wikipedia.org/wiki/Northern_Crusades,,302666.0,Undefined,,
462,1497,1497,"Warbeck
Rebellion",Kingdom of England,English rebels,,https://en.wikipedia.org/wiki/Perkin_Warbeck,https://en.wikipedia.org/wiki/Perkin_Warbeck,286871.0,Undefined,,
443,1482,1492,Granada War,"Union of the Crown of
Castile and Crown of Aragon",Emirate of Granada,,https://en.wikipedia.org/wiki/Granada_War,,272233.0,Undefined,,
126,1215,1217,First Barons' War,Kingdom of England,"Rebel Barons
Kingdom of France",,https://en.wikipedia.org/wiki/First_Barons'_War,,236657.0,Europe,,
320,1402,1402,Battle of Ankara,Timurid Empire,"Ottoman Empire
Lordship of Sati and Dagnum
Jonima Estate
Principality of Dukagjini
Despotate of Serbia
Wallachian contingents",,https://en.wikipedia.org/wiki/Battle_of_Ankara,,229461.0,Undefined,,
96,1180,1185,Genpei War,Minamoto clan (Yoritomo),Taira clan,,https://en.wikipedia.org/wiki/Genpei_War,,223852.0,Asia,,
289,1380,1380,Battle of Kulikovo,"Principality of Moscow
Principality of Beloozero
Principality of Rostov
Principality of
Yaroslavl
Principality of Suzdal
—Nizhny Novgorod
Principality of Murom",Golden Horde,,https://en.wikipedia.org/wiki/Battle_of_Kulikovo,,201497.0,Undefined,,
132,1228,1229,"Sixth Crusade
","Holy Roman Empire
Teutonic Knights","Kingdom of Cyprus
House of Ibelin
Ayyubid Dynasty",Crusades,https://en.wikipedia.org/wiki/Sixth_Crusade,,186073.0,Asia,,
401,1456,1456,"Siege of
Belgrade (1456)","Kingdom of Hungary
Serbs
European Crusaders",Ottoman Empire,,https://en.wikipedia.org/wiki/Siege_of_Belgrade_(1456),https://en.wikipedia.org/wiki/Siege_of_Belgrade_(1456),182028.0,Undefined,,
147,1248,1254,"Seventh Crusade
","Ayyubid Dynasty
Bahris","Kingdom of France
Knights Templar",Crusades,https://en.wikipedia.org/wiki/Seventh_Crusade,,177311.0,Africa,,
128,1217,1221,"Fifth Crusade
",Ayyubid Dynasty,"Latin Empire of Constantinople
Kingdom of Cyprus
Sultanate of Rûm
Holy Roman Empire
Archduchy of Austria
Knights Templar
Teutonic Order
Knights Hospitaller
Kingdom of Hungary
County of Holland
Kingdom of France
Papal States",Crusades,https://en.wikipedia.org/wiki/Fifth_Crusade,,173377.0,Africa,,
450,1486,1487,"Simmel
Rebellion",Kingdom of England,English rebels,,https://en.wikipedia.org/wiki/Lambert_Simnel,https://en.wikipedia.org/wiki/Lambert_Simnel,165949.0,Undefined,,
321,1402,1413,"Ottoman
Interregnum",Faction of Mehmed I,"Faction of İsa Çelebi
Faction of Musa Çelebi
Faction of Süleyman Çelebi
Faction of Mustafa Çelebi",,https://en.wikipedia.org/wiki/Ottoman_Interregnum,https://en.wikipedia.org/wiki/Ottoman_Interregnum,161732.0,Undefined,,
74,1121,1121,Battle of Didgori,Kingdom of Georgia,"Seljuk Empire
Artuqids
Beylik of Dilmaç
Banu Mazyad
Shaddadids
Emirate of Tbilisi
Sultanate of Rum",,https://en.wikipedia.org/wiki/Battle_of_Didgori,,149606.0,Europe,,
422,1467,1477,"Ōnin War
Part of the
Sengoku Period","Hosokawa clan
Hatakeyama Masanaga","Yamana clan
Ōuchi clan
Hatakeyama Yoshinari",,https://en.wikipedia.org/wiki/%C5%8Cnin_War,https://en.wikipedia.org/wiki/Sengoku_Period,149343.0,Asia,,
11,1014,1014,Battle of Clontarf,High King of Ireland,"Leinster
Dublin
Vikings of Orkney and
Man",,https://en.wikipedia.org/wiki/Battle_of_Clontarf,,147987.0,Europe,,
170,1270,1270,"Eighth Crusade
",Hafsids,"Kingdom of France
Kingdom of Sicily
Kingdom of Navarre",Crusades,https://en.wikipedia.org/wiki/Eighth_Crusade,,144040.0,Africa,,
348,1421,1522,"2nd Conquest
of Anatolia",Ottoman Empire,"Beylik of Karaman
Beylik of Isfendiyar
Beylik of Aydin
Empire of Trebizond
Sultanate of Eretna
Beylik of Teke
Byzantine Empire
Beyliks of Canik
Beylik of Germiyan
Beylik of Menteşe
Beylik of Saruhan",,https://en.wikipedia.org/wiki/Rise_of_the_Ottoman_Empire,https://en.wikipedia.org/wiki/Rise_of_the_Ottoman_Empire,132791.0,Undefined,,
163,1264,1267,Second Barons' War,Pro-Monarchy Forces,Anti-Monarchy Barons,,https://en.wikipedia.org/wiki/Second_Barons'_War,,129763.0,Europe,,
494,1775,1783,"American
Revolutionary War","United States
France (1778–83)
Spain (1779–83)
Dutch Republic (1780–83)
Co-belligerents
Vermont (1777–83)
Oneida
Tuscarora
Watauga Association
Catawba
Lenape","Great Britain
Loyalists
German auxiliaries
Co-belligerents
Iroquois Confederacy
Onondaga
Mohawk
Cayuga
Seneca
Cherokee",,https://en.wikipedia.org/wiki/American_Revolutionary_War,https://en.wikipedia.org/wiki/American_Revolutionary_War,3975924.0,North America,,
538,1789,1789,French Revolution,"Jacobins
Girondins
Sans-Culottes","Monarchists
Moderate Revolutionaries
Realists",,https://en.wikipedia.org/wiki/French_Revolution,,3891609.0,Undefined,,
220,1618,1648,Thirty Years' War,"Protestant States and
Allies
Denmark-Norway
(1625–1629)
France (from 1635)
Bohemia (1618–
1620)
Sweden
Saxony
Dutch Republic
Electorate of the
Palatinate
Brunswick-Lüneburg
England (1625–
30)[9]
Brandenburg-
Prussia
Transylvania
Hungarian Anti-
Habsburg Rebels[10]
Zaporozhian
Cossacks
Ottoman Empire","Roman Catholic States and
Allies
Holy Roman
Empire[11]
Catholic League
Austria
Bohemia (after 1620)
Kingdom of
Hungary[12]
Kingdom of
Croatia[13]
Spain and its
possessions
Denmark-Norway
(1643–1645)[14]",,https://en.wikipedia.org/wiki/Thirty_Years'_War,,2121415.0,Europe,,
454,1756,1763,Seven Years' War,"Great Britain
Hanover
Prussia
Brunswick-Wolfenbüttel
Iroquois Confederacy","France
Austria
Russia (until 1762)
Spain (from 1761)
Sweden (1757–62)",,https://en.wikipedia.org/wiki/Seven_Years'_War,,1943021.0,Africa,,
451,1754,1763,"French and Indian War
","Great Britain
British America
Iroquois Confederacy
Wyandot
Catawba
Cherokee (before
1758))
Mingos (briefly)","France
New France
Wabanaki Confederacy
Abenaki
Algonquin
Caughnawaga Mohawk
Faction
Lenape
Miꞌkmaq
Ojibwa
Odawa
Shawnee","Seven
Years' War",https://en.wikipedia.org/wiki/French_and_Indian_War,,1315609.0,North America,,
373,1701,1714,"War of the Spanish
Succession","Kingdom of France
Spain loyal to Philip
Bavaria (until 1704)","Holy Roman Empire:
Austria
Prussia
Hanover
England (until 1707)
Great Britain (from 1707) [17]
Dutch Republic
Duchy of Savoy
Kingdom of Portugal
Spain loyal to Charles",,https://en.wikipedia.org/wiki/War_of_the_Spanish_Succession,https://en.wikipedia.org/wiki/War_of_the_Spanish_Succession,990803.0,Africa,,
542,1791,1804,Haitian Revolution,"Haiti
Great Britain
Spain (1793–1795)
French royalists","France
Polish Legions",,https://en.wikipedia.org/wiki/Haitian_Revolution,,941954.0,North America,,
371,1700,1721,Great Northern War,"Tsardom of Russia
Kalmyk Khanate
Cossack Hetmanate
Denmark–Norway
(1700, 1709–20)
Electorate of Saxony
(1700–06, 1709–)
Poland–Lithuania
(1700–04, 1709–)
Kingdom of Prussia
(1715–20)
Electorate of Hanover
(1715–19)
Great Britain
(1717–19)","Swedish Empire
Holstein-Gottorp
Poland–Lithuania
(1704–09)
Ottoman Empire
(1710–14)
Cossack Hetmanate
(1708–09)
England (1700)
Great Britain (1719–21)
Dutch Republic (1700)
Duchy of Brunswick-
Lüneburg (1700)",,https://en.wikipedia.org/wiki/Great_Northern_War,,762201.0,Europe,,
139,1568,1648,Eighty Years' War,"United Provinces
England
German Protestants
Huguenots
France","Spanish Empire
Holy Roman Empire",,https://en.wikipedia.org/wiki/Eighty_Years'_War,,711533.0,North America,,
41,1519,1521,"Spanish conquest of the Aztec
Empire","Spanish Empire
Tlaxcala",Aztec Triple Alliance,,https://en.wikipedia.org/wiki/Spanish_conquest_of_the_Aztec_Empire,https://en.wikipedia.org/wiki/Spanish_conquest_of_the_Aztec_Empire,701921.0,North America,,
186,1600,1600,Battle of Sekigahara,"Eastern Army: forces
loyal to Tokugawa Ieyasu","Western Army: forces loyal
to Ishida Mitsunari",,https://en.wikipedia.org/wiki/Battle_of_Sekigahara,,672562.0,Asia,,
444,1745,1746,"Jacobite rising of 1745
Also called ""The Forty-
Five""",Great Britain,"Jacobites
Kingdom of France",,https://en.wikipedia.org/wiki/Jacobite_rising_of_1745,,649087.0,Europe,,
433,1740,1748,"War of the Austrian
Succession","France
Prussia
Spain
Bavaria (1741–45)
Saxony (1741–42)
Sicily
Naples
Republic of Genoa
Sweden (1741–43)","Austria
Great Britain
Hanover
Dutch Republic
Saxony (1743–45)
Kingdom of Sardinia
Russia (1741–43, 1748)",,https://en.wikipedia.org/wiki/War_of_the_Austrian_Succession,https://en.wikipedia.org/wiki/War_of_the_Austrian_Succession,522213.0,Europe,,
547,1792,1797,"War of the First
Coalition
","France
Spain (from 1796)
Batavian Republic (from
1795)
French satellite states
Polish Legions (from
[21]
1795)","First Coalition:
Austria
[22]
Holy Roman Empire
Prussia (until 1795)
Great Britain
French Royalists
Spain (until 1795)
Portugal
Kingdom of Sardinia
Naples and Sicily
Other Italian states[23]","French
Revolutionary Wars",https://en.wikipedia.org/wiki/War_of_the_First_Coalition,https://en.wikipedia.org/wiki/War_of_the_First_Coalition,486998.0,North America,,
357,1688,1697,Nine Years' War,"Grand Alliance:
Dutch Republic
England
Holy Roman Empire
Spain
Piedmont-Savoy
Sweden (until 1691)
Scotland",France,,https://en.wikipedia.org/wiki/Nine_Years'_War,,479398.0,North America,,
335,1675,1678,King Philip's War,"New England
Confederation
Mohegan
Pequots","Wampanoag
Nipmuc
Podunk
Narragansett
Nashaway",,https://en.wikipedia.org/wiki/King_Philip's_War,,448228.0,North America,,
543,1791,1794,Whiskey Rebellion,United States,Frontier tax protestors,,https://en.wikipedia.org/wiki/Whiskey_Rebellion,,417316.0,North America,,
344,1683,1699,Great Turkish War,"Holy Roman Empire
Tsardom of Russia
Cossack Hetmanate
Poland–Lithuania
Republic of Venice
Habsburg Hungary
Kingdom of Croatia
Spain
Serbian rebels
Albanian rebels
Greek rebels
Bulgarian rebels
Macedonian rebels","Ottoman Empire
Crimean Khanate",,https://en.wikipedia.org/wiki/Great_Turkish_War,,416212.0,Undefined,,
129,1562,1598,French Wars of Religion,Politiques,"Protestants:
Huguenots
England
Catholics:
Catholic League
Spain
Duchy of Savoy",,https://en.wikipedia.org/wiki/French_Wars_of_Religion,,408910.0,Europe,,
281,1649,1653,"Cromwellian conquest of
Ireland
","English Parliamentarian
New Model Army,
Protestant colonists","Irish Catholic
Confederation,
English Royalists","Wars of the Three
Kingdoms",https://en.wikipedia.org/wiki/Cromwellian_conquest_of_Ireland,https://en.wikipedia.org/wiki/Cromwellian_conquest_of_Ireland,386816.0,Europe,,
429,1735,1740,Bashkir Rebellion,Russian Empire,Bashkirs,,https://en.wikipedia.org/wiki/Bashkirs#Bashkir_rebellions_of_the_17th%E2%80%9318th_centuries,,359094.0,Undefined,,
571,1798,1798,Irish Rebellion of 1798,"British Army
Hessian mercenaries","Society of United Irishmen
Defenders
France",,https://en.wikipedia.org/wiki/Irish_Rebellion_of_1798,,356869.0,Europe,,
570,1798,1800,Quasi-War,United States,French Republic,,https://en.wikipedia.org/wiki/Quasi-War,,356228.0,Undefined,,
62,1526,1526,Battle of Mohács,Ottoman Empire,"Kingdom of Hungary
Kingdom of Bohemia
Holy Roman Empire
Duchy of Bavaria
Papal States
Kingdom of Poland",,https://en.wikipedia.org/wiki/Battle_of_Moh%C3%A1cs,,342248.0,Europe,,
432,1739,1748,"War of Jenkins' Ear
",Spanish Empire,Kingdom of Great Britain,"War of the
Austrian Succession",https://en.wikipedia.org/wiki/War_of_Jenkins'_Ear,,338261.0,Undefined,,
55,1524,1525,German Peasants' War,Swabian League,"German Peasant
Army",,https://en.wikipedia.org/wiki/German_Peasants'_War,,337002.0,Europe,,
367,1699,1700,Darien scheme,Spanish Empire,Scotland,,https://en.wikipedia.org/wiki/Darien_scheme,,331736.0,Undefined,,
74,1532,1572,"Spanish conquest of the Inca
Empire",Spanish Empire,"Inca Empire
Neo-Inca State",,https://en.wikipedia.org/wiki/Spanish_conquest_of_the_Inca_Empire,https://en.wikipedia.org/wiki/Spanish_conquest_of_the_Inca_Empire,327212.0,South America,,
568,1798,1802,"War of the Second
Coalition
","French Republic
Spain
Polish Legions
Denmark–Norway[24]
French client republics:
Batavian Republic
Helvetic Republic
Cisalpine Republic","Second Coalition:
Austria
Holy Roman Empire[22]
Great Britain (until 1801)
United Kingdom (from
1801)
Russia (until 1799)","French
Revolutionary Wars",https://en.wikipedia.org/wiki/War_of_the_Second_Coalition,https://en.wikipedia.org/wiki/War_of_the_Second_Coalition,285424.0,Africa,,
201,1609,1701,Beaver Wars,"Iroquois
England
Supported by:
Dutch Republic","Algonquian
Huron
Susquehannock
Erie
Neutral
Petun
Odawa
Ojibwe
Wenro
Mahican
Innu
Abenaki
France",,https://en.wikipedia.org/wiki/Beaver_Wars,,284416.0,North America,,
159,1582,1582,Honnō-ji Incident,"Oda forces under Akechi
Mitsuhide's command","Oda Nobunaga, Oda
Nobutada and their servants",,https://en.wikipedia.org/wiki/Honn%C5%8D-ji_Incident,,268922.0,Asia,,
263,1642,1646,"First English Civil War
","Parliaments of
England and Scotland","English and Scottish
Royalists","Wars of the Three
Kingdoms",https://en.wikipedia.org/wiki/First_English_Civil_War,https://en.wikipedia.org/wiki/Wars_of_the_Three_Kingdoms,262401.0,Europe,,
549,1793,1796,"War in the Vendée
",France,"Vendéens
Chouans
Émigrés
Great Britain","War of the
First Coalition",https://en.wikipedia.org/wiki/War_in_the_Vend%C3%A9e,,260529.0,Undefined,,
374,1702,1713,"Queen Anne's War
","England (before 1707) [18]
English America
Great Britain (after
[18]
1707)
British America
Muscogee (Creek)
Chickasaw
Yamasee","France
New France
Spain
New Spain
Wabanaki Confederacy
Caughnawaga Mohawk
Choctaw","War of the
Spanish Succession",https://en.wikipedia.org/wiki/Queen_Anne's_War,,251195.0,North America,,
162,1585,1604,"Anglo-Spanish War (1585–
1604)",Spanish Empire,"Kingdom of England
United Provinces
Portuguese loyal to
Prior of Crato",,https://en.wikipedia.org/wiki/Anglo-Spanish_War_(1585%E2%80%931604),https://en.wikipedia.org/wiki/Anglo-Spanish_War_(1585%E2%80%931604),243526.0,North America,,
69,1529,1529,Siege of Vienna,"Holy Roman Empire
Kingdom of Bohemia
Electorate of the
Palatinate
Spain","Ottoman Empire
Moldavia",,https://en.wikipedia.org/wiki/Siege_of_Vienna_(1529),,239801.0,Undefined,,
328,1672,1678,Franco-Dutch War,"France
England
Sweden
Bishopric of Münster
Archbishopric of
Cologne","Dutch Republic
Holy Roman Empire
Spain
Electorate of
Brandenburg
England",,https://en.wikipedia.org/wiki/Franco-Dutch_War,,232835.0,North America,,
252,1637,1638,Shimabara Rebellion,"Tokugawa shogunate
Dutch Empire","Roman Catholics and rōnin
rebels",,https://en.wikipedia.org/wiki/Shimabara_Rebellion,,224245.0,Asia,,
430,1738,1739,"Nader Shah's invasion
of India",Afsharid dynasty,Mughal Empire,,https://en.wikipedia.org/wiki/Nader_Shah's_invasion_of_India,https://en.wikipedia.org/wiki/Nader_Shah's_invasion_of_India,206792.0,Asia,,
275,1648,1657,Khmelnytsky Uprising,"Zaporozhian Cossacks
Crimean Tatars (1649–
1654, 1656–1657)","Polish–Lithuanian
Commonwealth
Crimean Tatars (1654–
1656)",,https://en.wikipedia.org/wiki/Khmelnytsky_Uprising,,206051.0,Europe,,
466,1763,1766,Pontiac's War,Great Britain,"Pontiac's confederacy
Seneca",,https://en.wikipedia.org/wiki/Pontiac's_War,,205706.0,North America,,
528,1788,1934,Australian frontier wars,European settlers,Indigenous Australians,,https://en.wikipedia.org/wiki/Australian_frontier_wars,,203722.0,Undefined,,
79,1534,1535,Münster rebellion,Prince-Bishopric of Münster,Anabaptists,,https://en.wikipedia.org/wiki/M%C3%BCnster_rebellion,,202076.0,Undefined,,
493,1775,1782,"First Anglo-Maratha
War",British East India Company,Maratha Empire,,https://en.wikipedia.org/wiki/First_Anglo-Maratha_War,https://en.wikipedia.org/wiki/First_Anglo-Maratha_War,197970.0,Asia,,
278,1648,1649,"Second English Civil War
",Parliamentary forces,"Royalist forces
Scotland","Wars of the Three
Kingdoms",https://en.wikipedia.org/wiki/Second_English_Civil_War,https://en.wikipedia.org/wiki/Wars_of_the_Three_Kingdoms,194150.0,Europe,,
180,1594,1603,Nine Years' War (Ireland),"Kingdom of England
and its government in
Ireland","Alliance of Irish clans
Supported by:
Spain
Scottish Gaelic mercenaries",,https://en.wikipedia.org/wiki/Nine_Years'_War_(Ireland),,187688.0,Europe,,
13,1508,1516,"War of the League of Cambrai
","1508–10:
France
Papal States
Holy Roman Empire
Spain
Duchy of Ferrara
1511–13:
France
Duchy of Ferrara
1513–16:
France
Venice
Scotland
Duchy of Ferrara","1508–10:
Venice
1510–11:
Papal States
Venice
1511–13:
Papal States
Venice
Spain
Holy Roman Empire
England
Swiss mercenaries
1513–16:
Papal States
Spain","Italian Wars and
Anglo-French War (1512–14)",https://en.wikipedia.org/wiki/War_of_the_League_of_Cambrai,https://en.wikipedia.org/wiki/Italian_Wars,187439.0,Europe,,
84,1536,1537,Pilgrimage of Grace,Kingdom of England,English Roman Catholics,,https://en.wikipedia.org/wiki/Pilgrimage_of_Grace,,185197.0,Europe,,
260,1640,1668,Portuguese Restoration War,"Kingdom of Portugal
Supported by:
Kingdom of England
(after 1661)",Spain,,https://en.wikipedia.org/wiki/Portuguese_Restoration_War,,184647.0,Europe,,
212,1614,1615,Siege of Osaka,Tokugawa shogunate,Toyotomi clan,,https://en.wikipedia.org/wiki/Siege_of_Osaka,,183323.0,Undefined,,
126,1558,1583,Livonian War,"Livonian Confederation
Polish–Lithuanian
Commonwealth
(before 1569 the Polish–
Lithuanian union)
Denmark–Norway
Sweden
Zaporozhian Cossacks
Principality of
Transylvania (after 1577)[6]","Tsardom of Russia
Kingdom of Livonia",,https://en.wikipedia.org/wiki/Livonian_War,,175893.0,Europe,,
30,1514,1514,Battle of Chaldiran,Ottoman Empire,Safavid Empire,,https://en.wikipedia.org/wiki/Battle_of_Chaldiran,,173911.0,Undefined,,
421,1861,1865,American Civil War,United States of America,"Confederate States of
America",,https://en.wikipedia.org/wiki/American_Civil_War,,6247339.0,North America,,
97,1812,1815,War of 1812,"British Empire
United States
United States","British Empire
United States
United States",,https://en.wikipedia.org/wiki/War_of_1812,,2853149.0,North America,,
358,1853,1856,Crimean War,"Ottoman Empire
French Empire
(from 1854)
Britain
(from 1854)
Kingdom of Sardinia
(from 1855)
Caucasian Imamate (until 1855)
Circassia
Abkhazian insurgents (from
1855)
Egypt Eyalet
Beylik of Tunis[11]","Russian Empire
Bulgarian volunteers
Principality of Mingrelia
(vassal)
Kurdish rebels[12]
Kingdom of Greece (until
1854)",,https://en.wikipedia.org/wiki/Crimean_War,,2187458.0,Asia,,
670,1899,1902,Second Boer War,"British Empire
Cape Colony
Natal Colony
British India
Australia
Canada
New Zealand","Orange Free State
South African
Republic
Foreign volunteers",,https://en.wikipedia.org/wiki/Second_Boer_War,,1989012.0,Africa,,
306,1846,1848,Mexican–American War,United States,Mexico,,https://en.wikipedia.org/wiki/Mexican%E2%80%93American_War,,1960266.0,North America,,
13,1803,1815,Napoleonic Wars,"Coalition forces:
Austria[α][a][b]
Prussia[β]
Russia[γ][c]
United Kingdom
Baden
Bavaria[δ]
Brunswick[ε]
French royalists
Hanover[d]
Hungary[ζ][e]
Liechtenstein
Montenegro[η]
Nassau[ε]
Netherlands[ε]
Ottoman Empire[θ][f]
Papal States
Persia[θ][g]
Portugal[ι]","France and allies:
French Republic (until
1804)
French Empire (from 1804)
French clients:
Bonapartist Spain[i]
Confederation of the
Rhine[ξ][k][l]
Duchy of Warsaw[m]
Etruria[n]
Holland[o]
Italy
Lucca-Piombino
Naples[p]
Polish Legions[m]
Switzerland
Austria[a][q][ο]
Denmark–Norway[r][π]",,https://en.wikipedia.org/wiki/Napoleonic_Wars,,1954549.0,Africa,,
660,1898,1898,Spanish–American War,"United States
Cuba
First Philippine
Republic
Katipunan",Kingdom of Spain,,https://en.wikipedia.org/wiki/Spanish%E2%80%93American_War,,1773813.0,North America,,
389,1857,1858,"Indian Rebellion of
1857
India's First War of
Independence","British Empire
British East India
Company
Nepal
Jammu and Kashmir
20 Princely states","Sepoys of the East India
Company
Mughal Empire
Awadh
Jhansi
Jagdishpur
Kohra
Bijairaghogarh
Tulsipur State
7 Princely states",,https://en.wikipedia.org/wiki/Indian_Rebellion_of_1857,https://en.wikipedia.org/wiki/Indian_Rebellion_of_1857,1745535.0,Asia,,
668,1899,1901,Boxer Rebellion,"Eight-Nation Alliance
Empire of Japan
Russian Empire
British Empire
France
United States
German Empire
Kingdom of Italy
Austria-Hungary","Righteous Harmony
Society
China",,https://en.wikipedia.org/wiki/Boxer_Rebellion,,1567198.0,Asia,,
343,1850,1864,Taiping Rebellion,"China
British Empire
French Empire",Taiping Heavenly Kingdom,,https://en.wikipedia.org/wiki/Taiping_Rebellion,,1443192.0,Asia,,
494,1870,1871,Franco-Prussian War,"North German
Confederation
Kingdom of Bavaria
Baden
Kingdom of
Württemberg",Second French Empire,,https://en.wikipedia.org/wiki/Franco-Prussian_War,,1340846.0,Europe,,
390,1857,1858,Utah War,United States,"State of Deseret
Utah Territory
Nauvoo Legion",,https://en.wikipedia.org/wiki/Utah_War,,1312270.0,North America,,
73,1810,1810,Conquest of Hawaii,Kingdom of Hawaii,Other Hawaiian Tribes,,https://en.wikipedia.org/wiki/Kamehameha_I#Unification_of_Hawai%CA%BBi,,1309728.0,Undefined,,
672,1899,"1902
(Malvar
surrender)
1913
(Irreconcilables
active)",Philippine–American War,"United States
Philippine
Constabulary
Philippine Scouts","First Philippine
Republic
Katipunan
Pulajanes
Sultanate of Sulu
Moro people",,https://en.wikipedia.org/wiki/Philippine%E2%80%93American_War,,995375.0,Asia,,
4,1802,1804,"Fourth quarter of the
Haitian Revolution",Haiti,France,,https://en.wikipedia.org/wiki/Haitian_Revolution,https://en.wikipedia.org/wiki/Haitian_Revolution,941954.0,North America,,
94,1812,1812,"French invasion of
Russia
",Russian Empire,"France
Duchy of Warsaw
Italy
Naples
Confederation of the Rhine
Baden
Bavaria
Berg
Saxony
Westphalia
Spain
Swiss Confederation","Napoleonic
Wars",https://en.wikipedia.org/wiki/French_invasion_of_Russia,https://en.wikipedia.org/wiki/French_invasion_of_Russia,910792.0,Undefined,,
46,1807,1814,"Peninsular War
","Portugal
United Kingdom
Spain",France,"Napoleonic
Wars",https://en.wikipedia.org/wiki/Peninsular_War,https://en.wikipedia.org/wiki/Napoleonic_Wars,871489.0,Undefined,,
498,1871,1871,French Civil War of 1871,French Republic,Communards,,https://en.wikipedia.org/wiki/Paris_Commune,,791097.0,Undefined,,
269,1839,1842,First Opium War,British Empire,Qing Empire of China,,https://en.wikipedia.org/wiki/First_Opium_War,,759300.0,Asia,,
482,1868,1869,"Boshin War
War of the Year of
the Dragon
","Imperial Faction:
Forces of the Emperor
of Japan
Satsuma Domain
Choshu Domain
Tosa Domain
Hiroshima Domain
Saga Domain
British Empire","Tokugawa Shogunate
Northern Alliance
Republic of Ezo
Second French Empire","Japanese
Civil War",https://en.wikipedia.org/wiki/Boshin_War,,758675.0,Asia,,
633,1894,1895,First Sino-Japanese War,Empire of Japan,Qing Empire,,https://en.wikipedia.org/wiki/First_Sino-Japanese_War,,744684.0,Asia,,
152,1821,1829,"Greek War of
Independence","Greek revolutionaries
Britain
United States of the
Ionian Islands","Ottoman Empire
Egypt Eyalet
Beylik of Tunis (naval
battles)",,https://en.wikipedia.org/wiki/Greek_War_of_Independence,https://en.wikipedia.org/wiki/Greek_War_of_Independence,716300.0,Africa,,
75,1810,1821,"Mexican War of
Independence
",Mexican Army,Spain,"Spanish
American wars of
independence",https://en.wikipedia.org/wiki/Mexican_War_of_Independence,https://en.wikipedia.org/wiki/Mexican_War_of_Independence,713372.0,North America,,
366,1854,1861,Bleeding Kansas,Free-Stater (Kansas),Border ruffians,,https://en.wikipedia.org/wiki/Bleeding_Kansas,,689498.0,North America,,
554,1879,1879,Anglo-Zulu War,"British Empire
Colony of Natal",Zulu Kingdom,,https://en.wikipedia.org/wiki/Anglo-Zulu_War,,611756.0,Africa,,
450,1864,1870,Paraguayan War,"Empire of Brazil
Argentina
Uruguay",Paraguay,,https://en.wikipedia.org/wiki/Paraguayan_War,,611548.0,South America,,
615,1892,1892,Second Hazara Uprising,Emirate of Afghanistan,Hazaras,,https://en.wikipedia.org/wiki/Hazaras#Second_uprising,,607945.0,Undefined,,
618,1893,1893,Third Hazara Uprising,Emirate of Afghanistan,Hazaras,,https://en.wikipedia.org/wiki/Hazaras#Third_uprising,,607945.0,Undefined,,
72,1810,1826,"Chilean War of
Independence
","Chile
United Provinces of the
Río de la Plata","Spain
Mapuche allies","Spanish
American wars of
independence",https://en.wikipedia.org/wiki/Chilean_War_of_Independence,https://en.wikipedia.org/wiki/Chilean_War_of_Independence,597593.0,South America,,
241,1835,1836,Texas Revolution,Republic of Texas,Mexico,,https://en.wikipedia.org/wiki/Texas_Revolution,,583308.0,North America,,
463,1866,1866,"Austro-Prussian War
Seven Weeks War
German Civil War","Kingdom of Prussia
Kingdom of Italy
Mecklenburg-Schwerin
Oldenburg
County of Anhalt
Duchy of Brunswick
Duchy of Saxe-
Altenburg
Saxe-Coburg and
Gotha
Principality of Waldeck-
Pyrmont
County of
Schwarzburg-
Sondershausen
Principality of Lippe
Bremen
Hamburg
Lübeck","Austrian Empire
Kingdom of Saxony
Kingdom of Bavaria
Grand Duchy of Baden
Kingdom of
Württemberg
Kingdom of Hanover
Grand Duchy of Hesse
Hesse-Kassel
Principality of Reuss
Elder Line
Duchy of Saxe-
Meiningen
County of Schaumburg-
Lippe
Nassau",,https://en.wikipedia.org/wiki/Austro-Prussian_War,,569331.0,Europe,,
113,1815,1815,"Hundred Days
War of the Seventh
Coalition","United Kingdom
Kingdom of Prussia
Kingdom of France
Kingdom of Hanover
German Confederation
Austrian Empire
Russian Empire
Sweden
Netherlands
Spain
Kingdom of Portugal
Kingdom of Sardinia
Kingdom of the Two
Sicilies
Grand Duchy of
Tuscany","First French Empire
Napoleonic Kingdom
of Naples",,https://en.wikipedia.org/wiki/Hundred_Days,,553485.0,Undefined,,
647,1896,1896,"Anglo-Zanzibar War
The shortest war in
history",British Empire,Zanzibar,,https://en.wikipedia.org/wiki/Anglo-Zanzibar_War,,502454.0,Africa,,
207,1830,1830,"July Revolution
French Revolution of 1830",House of Orléans,House of Bourbon,,https://en.wikipedia.org/wiki/July_Revolution,,498250.0,Europe,,
2,1801,1805,Tripolitan War,"United States
Sweden (until 1802)
Sicily","Tripolitania
Morocco (1802)",,https://en.wikipedia.org/wiki/First_Barbary_War,,484282.0,Africa,,
316,1848,1848,French Revolution of 1848,French Republic,July Monarchy,,https://en.wikipedia.org/wiki/French_Revolution_of_1848,,472991.0,Undefined,,
422,1861,1867,"French intervention
in Mexico
Also known as
Franco-Mexican War","United Mexican States
Supported by :
United States of America
(entered in 1865)","Second French Empire
Second Mexican Empire
Austrian Empire (German
and Hungarian volunteers)
Belgian Foreign Legion
Egyptian Sudanese
Supported by :
Kingdom of Spain (retired in
1862)
United Kingdom (retired in
1862)",,https://en.wikipedia.org/wiki/Second_French_intervention_in_Mexico,https://en.wikipedia.org/wiki/Second_French_intervention_in_Mexico,464923.0,North America,,
534,1877,1877,Satsuma Rebellion,Empire of Japan,"Samurai of former the
Satsuma Domain, Kumamoto
Domain
Shi-gakkō",,https://en.wikipedia.org/wiki/Satsuma_Rebellion,,455987.0,Asia,,
556,1879,1883,War of the Pacific,Chile,"Peru
Bolivia",,https://en.wikipedia.org/wiki/War_of_the_Pacific,,403229.0,South America,,
385,1856,1860,"Second Opium War
Arrow War","United Kingdom
French Empire
United States (1856 and
1859 only)",Qing Empire of China,,https://en.wikipedia.org/wiki/Second_Opium_War,,393536.0,Asia,,
96,1812,1814,"War of the Sixth
Coalition
","Original Coalition:
Russian Empire
Kingdom of Prussia
Austrian Empire
Sweden
United Kingdom of Great
Britain and Ireland
Spain
Kingdom of Portugal
Sicily
Kingdom of Sardinia
After Battle of Leipzig:
Kingdom of Saxony
Kingdom of Bavaria
Württemberg","France
Kingdom of Italy
(Napoleonic)
Duchy of Warsaw
Naples
Until January 1814
Denmark–Norway
Swiss Confederation
Confederation of the Rhine
(Many member states defected after
Battle of Leipzig)","Napoleonic
Wars",https://en.wikipedia.org/wiki/War_of_the_Sixth_Coalition,https://en.wikipedia.org/wiki/War_of_the_Sixth_Coalition,386627.0,Undefined,,
406,1859,1872,Pig War,United States,United Kingdom,,https://en.wikipedia.org/wiki/Pig_War_(1859),,375299.0,North America,,
567,1881,1899,Mahdist War,"Egypt
British Empire
Italy
Belgium
Ethiopian Empire",Mahdist Sudan,,https://en.wikipedia.org/wiki/Mahdist_War,,370306.0,Africa,,
223,1832,1832,June Rebellion,France,French Republicans,,https://en.wikipedia.org/wiki/June_Rebellion,,368897.0,Europe,,
15,1803,1806,"War of the Third
Coalition
","French Empire and allies:
France
Batavian Republic
Italy
Etruria
Spain
Bavaria
Württemberg","Austrian Empire
Russian Empire
United Kingdom
Naples and Sicily
Sweden","Napoleonic
Wars",https://en.wikipedia.org/wiki/War_of_the_Third_Coalition,https://en.wikipedia.org/wiki/War_of_the_Third_Coalition,359507.0,Africa,,
564,1880,1881,First Boer War,South African Republic,British Empire,,https://en.wikipedia.org/wiki/First_Boer_War,,349165.0,Africa,,
388,1856,1857,"1857 Cheyenne
Expedition",United States,Cheyenne,,https://en.wikipedia.org/wiki/Cheyenne#Punitive_US_expedition_of_1857,https://en.wikipedia.org/wiki/Cheyenne#Punitive_US_expedition_of_1857,340624.0,Undefined,,
652,1896,1898,Philippine Revolution,"Katipunan
Sovereign Tagalog
Nation
First Philippine
Republic
United States",Kingdom of Spain,,https://en.wikipedia.org/wiki/Philippine_Revolution,,330477.0,Asia,,
268,1838,1842,First Anglo-Afghan War,Emirate of Afghanistan,"British Empire
British East India
Company",,https://en.wikipedia.org/wiki/First_Anglo-Afghan_War,,329910.0,Asia,,
180,1825,1825,Decembrist revolt,Russian Empire,Decembrists,,https://en.wikipedia.org/wiki/Decembrist_revolt,,325143.0,Undefined,,
543,1878,1878,Lincoln County War,"Ranchers
Regulators","General Store Monopoly
John Kinney Gang
Jesse Evans Gang
Seven Rivers Warriors",,https://en.wikipedia.org/wiki/Lincoln_County_War,,310643.0,North America,,
438,1864,1864,"Second Schleswig
War
Second Danish-
German War","German Confederation
Austrian Empire
Kingdom of Prussia",Denmark,,https://en.wikipedia.org/wiki/Second_Schleswig_War,https://en.wikipedia.org/wiki/Second_Schleswig_War,298170.0,Europe,,
327,1848,1849,"Hungarian War of
Independence","Austrian Empire
Russian Empire",Hungary,,https://en.wikipedia.org/wiki/Hungarian_Revolution_of_1848,https://en.wikipedia.org/wiki/Hungarian_Revolution_of_1848,294748.0,Europe,,
603,1895,1900,Colorado Range War,Cattle Barons,"Homesteader and
Rustlers",,https://en.wikipedia.org/wiki/Tom_Horn#Colorado_Range_War,,290040.0,Undefined,,
259,1838,1838,Battle of Blood River,Voortrekkers,Zulu kingdom,,https://en.wikipedia.org/wiki/Battle_of_Blood_River,,285923.0,Africa,,
423,1862,1862,Dakota War of 1862,United States,Dakota Sioux,,https://en.wikipedia.org/wiki/Dakota_War_of_1862,,281617.0,North America,,
404,1859,1859,"Second Italian War of
Independence","French Empire
Kingdom of Sardinia",Austrian Empire,,https://en.wikipedia.org/wiki/Second_Italian_War_of_Independence,https://en.wikipedia.org/wiki/Second_Italian_War_of_Independence,278755.0,Europe,,
209,1830,1831,Belgian Revolution,"Southern Provinces of the
Netherlands","United Kingdom of the
Netherlands",,https://en.wikipedia.org/wiki/Belgian_Revolution,,277289.0,Europe,,
260,1838,1838,Mormon War,Non-Mormon Missourians,"Latter Day Saint
movement",,https://en.wikipedia.org/wiki/1838_Mormon_War,,273541.0,North America,,
611,1939,1945,World War II,"Allied Powers:
Soviet Union
United States
United Kingdom
China
Free France
Poland
Yugoslavia
Greece
Netherlands
Belgium
Luxembourg
Norway
Czechoslovakia
Canada
Australia
New Zealand
South Africa
Philippines
Ethiopia
Brazil
Mongolia
Mexico
and others...","Axis Powers:
Germany
Japan
Italy
Hungary
Romania
Bulgaria
Finland
Thailand
and others...",,https://en.wikipedia.org/wiki/World_War_II,,54985661.0,North America,,
241,1914,1918,World War I,"Allied Powers:
British Empire
France
Russia (until 1917)
Serbia
Belgium
Montenegro
Japan","Central Powers:
German Empire
Austria-Hungary
Ottoman Empire
Bulgaria (from 1915)
...and co-belligerents",,https://en.wikipedia.org/wiki/World_War_I,,12113298.0,North America,,
592,1936,1939,Spanish Civil War,"National faction
Falange
Carlists (1936–1937)
CEDA (1936–1937)
Alfonsists (1936–1937)
Army of Africa
Supported by:
Italy
Germany
Portugal
Foreign volunteers","Republican faction
Spanish Republican
Army
Popular Front
CNT/FAI
UGT
ERC
Basque Army (1936–
1937)
Galicianist Party
Supported by:
International Brigades
Soviet Union (1936–1938)
Mexico
France (1936)",,https://en.wikipedia.org/wiki/Spanish_Civil_War,,2454973.0,Africa,,
601,1937,1945,"Second Sino-Japanese War
Part of World War II","Republic of China
Soviet Union (1937–
1941; 1944–1945)
United States","Empire of Japan
Reorganized National
Government of China
Manchukuo",,https://en.wikipedia.org/wiki/Second_Sino-Japanese_War,https://en.wikipedia.org/wiki/World_War_II,2295875.0,Asia,,
561,1932,1932,Emu War,Emus,Australia,,https://en.wikipedia.org/wiki/Emu_War,,1686653.0,Undefined,,
487,1927,1950,Chinese Civil War,"Chinese Communist Party
After 1949:
People's Republic of
China","Nationalist Party of China
Republic of China
After 1949:
Republic of China on Taiwan",,https://en.wikipedia.org/wiki/Chinese_Civil_War,,1569753.0,Asia,,
613,1939,1940,"Winter War
Part of World War II",Soviet Union,Finland,,https://en.wikipedia.org/wiki/Winter_War,https://en.wikipedia.org/wiki/World_War_II,1508143.0,Europe,,
265,1915,1916,"Gallipoli campaign
Part of World War I",Ottoman Empire,"United Kingdom
France",,https://en.wikipedia.org/wiki/Gallipoli_campaign,,1500574.0,Asia,,
302,1917,1922,Russian Civil War,"Victorious in Russia, Ukraine,
Georgia, Armenia, Azerbaijan,
Kazakhstan, and Mongolia:
Russian SFSR
Other Soviet republics
Mongolian People's Party
Victorious in their
respective countries:
Kingdom of Finland
Republic of Estonia
Republic of Latvia
Republic of Lithuania
Second Polish Republic","White Movement
Central Powers (until
1918):
Austro-Hungarian
Empire
German Empire
Ottoman Empire
Allied Forces (from
1918):
Czechoslovakia
Republic of China
France
Kingdom of Greece
Kingdom of Italy
Empire of Japan
Poland
Kingdom of
Romania
Kingdom of Serbia
United Kingdom
Australia
Canada
United States
Other combatants:
Revolutionary
Insurrectionary Army of
Ukraine
Ukrainian People's
Republic
Democratic
Republic of Georgia
Democratic
Republic of Armenia
Various pro-
independence
movements",,https://en.wikipedia.org/wiki/Russian_Civil_War,,1442922.0,Asia,,
77,1904,1905,Russo-Japanese War,Empire of Japan,Russian Empire,,https://en.wikipedia.org/wiki/Russo-Japanese_War,,1356529.0,Asia,,
299,1917,1917,"October Revolution
Part of Russian Civil War",Bolsheviks,"Russian Provisional
Government",,https://en.wikipedia.org/wiki/October_Revolution,,1152651.0,Europe,,
364,1919,1921,Irish War of Independence,Irish Republic,United Kingdom,,https://en.wikipedia.org/wiki/Irish_War_of_Independence,,1119521.0,Europe,,
436,1923,1923,Beer Hall Putsch,Weimar Republic,Nazi Party,,https://en.wikipedia.org/wiki/Beer_Hall_Putsch,,1092696.0,Undefined,,
177,1910,1920,Mexican Revolution,"Maderistas
Orozquistas
Villistas
Zapatistas
Carrancistas
Magonistas
Seditionistas",Mexico,,https://en.wikipedia.org/wiki/Mexican_Revolution,,1043026.0,North America,,
281,1916,1916,Easter Rising,"British Army
Dublin Metropolitan Police
Royal Irish Constabulary","Irish Republican
Brotherhood
Irish Volunteers
Irish Citizen Army
Cumann na mBan
Hibernian Rifles
Fianna Éireann",,https://en.wikipedia.org/wiki/Easter_Rising,,1022316.0,Europe,,
587,1935,1937,Second Italo-Ethiopian War,Kingdom of Italy,Ethiopian Empire,,https://en.wikipedia.org/wiki/Second_Italo-Ethiopian_War,,774080.0,Africa,,
353,1919,"1922
(Armistice)",Turkish War of Independence,Turkish National Movement,"Greece
France
Armenia (in 1920)",,https://en.wikipedia.org/wiki/Turkish_War_of_Independence,,712857.0,Asia,,
623,1941,1944,"Continuation War
Part of World War II","Soviet Union
United Kingdom","Finland
Nazi Germany
Kingdom of Italy",,https://en.wikipedia.org/wiki/Continuation_War,https://en.wikipedia.org/wiki/World_War_II,705057.0,Europe,,
422,1922,1923,Irish Civil War,Pro-treaty forces,Anti-treaty forces,,https://en.wikipedia.org/wiki/Irish_Civil_War,,662730.0,Europe,,
40,1903,1903,Great Ming Uprising,Qing dynasty,"Heavenly Kingdom of the
Great Mingshun",,https://en.wikipedia.org/wiki/1911_Revolution#Great_Ming_Uprising,,646585.0,Undefined,,
109,1907,1907,Huanggang Uprising,Qing Dynasty,Rebels,,https://en.wikipedia.org/wiki/1911_Revolution#Huanggang_Uprising,,646585.0,Undefined,,
80,1905,1905,Ping-liu-li Uprising,Qing dynasty,Rebels,,https://en.wikipedia.org/wiki/1911_Revolution#Ping-liu-li_Uprising,,646585.0,Undefined,,
112,1907,1907,Qinzhou Uprising,Qing Dynasty,Rebels,,https://en.wikipedia.org/wiki/1911_Revolution#Qinzhou_Uprising,,646585.0,Undefined,,
289,1917,1917,February Revolution,Russian revolutionaries,Russian Empire,,https://en.wikipedia.org/wiki/February_Revolution,,627813.0,Europe,,
539,1931,1932,"Japanese invasion of
Manchuria",Empire of Japan,Republic of China,,https://en.wikipedia.org/wiki/Japanese_invasion_of_Manchuria,https://en.wikipedia.org/wiki/Japanese_invasion_of_Manchuria,600166.0,Asia,,
634,1943,1949,"Ukrainian Insurgent Army
insurgency","Soviet Union
People's Republic of
Poland
Polish Underground
State
Nazi Germany (1941–
1944)",Ukrainian Insurgent Army,,https://en.wikipedia.org/wiki/Ukrainian_Insurgent_Army,,556221.0,Europe,,
360,1919,1921,Polish–Soviet War,"Republic of Poland
Ukrainian People's
Republic","Russian SFSR
Ukrainian SSR",,https://en.wikipedia.org/wiki/Polish%E2%80%93Soviet_War,,538024.0,Europe,,
642,1944,1945,"Lapland War
Part of World War II",Finland,Nazi Germany,,https://en.wikipedia.org/wiki/Lapland_War,https://en.wikipedia.org/wiki/World_War_II,515124.0,Europe,,
284,1916,1918,"Arab Revolt
Part of World War I","Hashemite Arabs
United Kingdom
Sultanate of Nejd
(Unification of Saudi Arabia)",Ottoman Empire,,https://en.wikipedia.org/wiki/Arab_Revolt,,508098.0,Asia,,
204,1912,1913,First Balkan War,"Kingdom of Bulgaria
Kingdom of Greece
Kingdom of Serbia
Kingdom of Montenegro",Ottoman Empire,,https://en.wikipedia.org/wiki/First_Balkan_War,,482956.0,Europe,,
366,1919,1922,"Greco-Turkish War (1919–1922)
","Turkish National Movement
Supported by:
Russian SFSR","Kingdom of Greece
Supported by:
United Kingdom
Armenian volunteers","Turkish War of
Independence",https://en.wikipedia.org/wiki/Greco-Turkish_War_(1919%E2%80%931922),,468915.0,Asia,,
478,1926,1929,Cristero War,Mexico,Cristeros,,https://en.wikipedia.org/wiki/Cristero_War,,464902.0,North America,,
591,1936,1939,"1936–1939 Arab revolt in
Palestine
","United Kingdom
British Army
Palestine Police Force
Jewish Settlement Police
Jewish Supernumerary Police
Haganah
Special Night Squads
FOSH
Peulot Meyuhadot
Irgun
Peace Bands",Arab Higher Committee,"Intercommunal
conflict in Mandatory
Palestine",https://en.wikipedia.org/wiki/1936%E2%80%931939_Arab_revolt_in_Palestine,https://en.wikipedia.org/wiki/1936%E2%80%931939_Arab_revolt_in_Palestine,417345.0,Asia,,
358,1919,1920,Italo-Yugoslav War,"Kingdom of Italy
Free State of Fiume","Kingdom of Serbs,
Croats and Slovenes",,https://en.wikipedia.org/wiki/Rijeka#The_%22Fiume_Question%22_and_the_Italian-Yugoslav_dispute,,408607.0,Undefined,,
315,1918,1918,Finnish Civil War,"Finnish White Guards
German Empire","Finnish Red Guards
Russian SFSR",,https://en.wikipedia.org/wiki/Finnish_Civil_War,,407231.0,Europe,,
92,1905,1907,"Russian Revolution of
1905",Russian Empire,Revolutionaries,,https://en.wikipedia.org/wiki/Russian_Revolution_of_1905,https://en.wikipedia.org/wiki/Russian_Revolution_of_1905,388403.0,Asia,,
194,1911,1912,Italo-Turkish War,Kingdom of Italy,Ottoman Empire,,https://en.wikipedia.org/wiki/Italo-Turkish_War,,367809.0,Africa,,
621,1941,1941,"Anglo-Iraqi War
Part of World War II","United Kingdom
British India
Transjordan","Kingdom of Iraq
Nazi Germany
Kingdom of Italy",,https://en.wikipedia.org/wiki/Anglo-Iraqi_War,https://en.wikipedia.org/wiki/World_War_II,324726.0,Asia,,
219,1913,1913,Second Balkan War,"Ottoman Empire
Kingdom of Greece
Kingdom of Serbia
Kingdom of Montenegro
Kingdom of Romania",Kingdom of Bulgaria,,https://en.wikipedia.org/wiki/Second_Balkan_War,,313617.0,Asia,,
389,1920,1926,Rif War,"France
Spain",Rif Republic,,https://en.wikipedia.org/wiki/Rif_War,,299098.0,Africa,,
477,1926,1928,"Northern Expedition
",Republic of China,Beiyang Government,Warlord Era,https://en.wikipedia.org/wiki/Northern_Expedition,https://en.wikipedia.org/wiki/Warlord_Era,288906.0,Asia,,
267,1915,1934,"United States occupation of Haiti
",United States,Haiti,Banana Wars,https://en.wikipedia.org/wiki/United_States_occupation_of_Haiti,,287334.0,North America,,
397,1921,1921,"Kronstadt rebellion
",Russian SFSR,Anarchist sailors,Russian Civil War,https://en.wikipedia.org/wiki/Kronstadt_rebellion,,284874.0,Europe,,
560,1932,1935,Chaco War,Paraguay,Bolivia,,https://en.wikipedia.org/wiki/Chaco_War,,267510.0,South America,,
89,1 November 1955,30 April 1975,"Vietnam War
","North Vietnam
Viet Cong and PRG
Pathet Lao
Khmer Rouge
GRUNK (from 1970)
China (1965–1969)
Soviet Union
North Korea","South Vietnam
United States
South Korea
Australia
New Zealand
Laos
Cambodia (1967–1970)
Khmer Republic (1970–
1975)
Thailand
Philippines
Taiwan
Spain","Indochina Wars
and the Cold War in Asia",https://en.wikipedia.org/wiki/Vietnam_War,https://en.wikipedia.org/wiki/Indochina_Wars,8044273.0,Asia,,
58,25 June 1950,27 July 1953,"Korean War
","South Korea
United Nations[j]
United States
... see other countries","North Korea
China
Soviet Union
(air support only)","Cold War and the
Korean conflict",https://en.wikipedia.org/wiki/Korean_War,https://en.wikipedia.org/wiki/Cold_War,4546373.0,Asia,,
43,1948,1950,"Pre-Korean War
insurgency[23]",South Korea,"Anti-government insurgents
Pro-North Korean rebels",,https://en.wikipedia.org/wiki/Korean_War,https://en.wikipedia.org/wiki/Korean_War#Communist_insurgency_in_South_Korea_(1948%E2%80%931950),4546373.0,Asia,,
203,1960s,1998[u],The Troubles,"Irish republican paramilitaries:
Provisional IRA (PIRA)
Irish National Liberation
Army (INLA)
Official IRA (OIRA)
Continuity IRA (CIRA)
Real IRA (RIRA)
Irish People's Liberation
Organisation (IPLO)
Ulster loyalist paramilitaries:
Ulster Defence Association
(UDA)
Ulster Volunteer Force (UVF)
Red Hand Commando
(RHC)
Ulster Resistance (UR)
Loyalist Volunteer Force
(LVF)
Ulster Protestant Volunteers
(UPV)","State security forces:
British Armed Forces
Royal Ulster Constabulary
Irish Defence Forces
Gardaí",,https://en.wikipedia.org/wiki/The_Troubles,,3557006.0,Europe,,
266,1978,1979,"Iranian Revolution
Part of Constitutionalization attempts
in Iran and the Cold War","Revolutionary Council
Islamist Opposition
Combatant Clergy Association
Islamic Association of Students
Islamic Association of Teachers
Islamic Association of Engineers
Islamic Association of Physicians
Islamic Coalition Societies
Fada'iyan-e Islam
Mojahedin
Liberal Democratic Opposition
Freedom Movement of Iran
National Front
JAMA
Democratic Party of Iranian Kurdistan
Confederation of Iranian Students
Leftist Opposition
Mojahedin-e-Khalq
Fadaiyan-e-Khalq
Tudeh Party
Sarbedaran
Peykar
Movement of Militant Muslims
Razmandegan
Worker's Way
Komalah","Imperial State of Iran
Pro-Shah Groups
Regency Council[ab]
Rastakhiz Party (until 1 November
1978)
Imperial Army[ac]
Imperial Guard
SAVAK
Shahrbani
Gendarmerie",,https://en.wikipedia.org/wiki/Iranian_Revolution,https://en.wikipedia.org/wiki/Constitutionalization_attempts_in_Iran,3104130.0,Asia,,
27,1947,Ongoing,"Indo-Pakistani wars and
conflicts
","India
Bangladesh (1971)[9]","Pakistan
Alleged proxies:
Kashmiri insurgents (1989–present)
Jammu Kashmir
Liberation Front
Lashkar-e-Taiba
Jaish-e-Mohammed
United Jihad Council
Hizbul Mujahideen
People's Anti-Fascist Front
The Resistance Front
Dukhtaran-e-Millat[10]
Harkat-ul-Mujahideen","Kashmir
conflict and the Cold
War",https://en.wikipedia.org/wiki/Indo-Pakistani_wars_and_conflicts,https://en.wikipedia.org/wiki/Indo-Pakistani_wars_and_conflicts,3028703.0,Asia,,
297,1980,1988,"Iran–Iraq War
","Iran
KDP
PUK
ISCI
Islamic Dawa Party
Hezbollah[531]
Shia volunteers[ae]","Iraq
DRFLA[538][539]
MEK
NCRI
PDKI[540]
Salvation Force[541]
Arab volunteers[af]","Cold War, the aftermath of the Iranian
revolution, the Iraqi–Kurdish conflict, and the Iran–
Saudi Arabia proxy conflict",https://en.wikipedia.org/wiki/Iran%E2%80%93Iraq_War,https://en.wikipedia.org/wiki/Cold_War,2866433.0,Asia,,
304,1982,1982,"Falklands War
",United Kingdom,Argentina,Falkland Islands sovereignty dispute,https://en.wikipedia.org/wiki/Falklands_War,https://en.wikipedia.org/wiki/Falkland_Islands_sovereignty_dispute,2618651.0,South America,,
194,1967,1967,"Six-Day War
",Israel,"Egypt
Syria
Jordan
Iraq[299]
Minor involvement:
Lebanon[300]","Arab–
Israeli conflict and the
Cold War",https://en.wikipedia.org/wiki/Six-Day_War,https://en.wikipedia.org/wiki/Arab%E2%80%93Israeli_conflict,2551152.0,Africa,,
232,1973,1973,"Yom Kippur War
",Israel,"Egypt
Syria
Expeditionary forces
Saudi Arabia[392]
Algeria[393]
Jordan
Libya
Iraq
Kuwait[394]
Tunisia
Morocco[395]
Cuba
North Korea[396]","Arab–Israeli conflict
and the Cold War",https://en.wikipedia.org/wiki/Yom_Kippur_War,https://en.wikipedia.org/wiki/Arab%E2%80%93Israeli_conflict,2293855.0,Africa,,
288,1979,1989,"Soviet–Afghan War
",Afghan mujahideen,"Soviet Union
Afghanistan","Cold War and the
Afghan conflict",https://en.wikipedia.org/wiki/Soviet%E2%80%93Afghan_War,https://en.wikipedia.org/wiki/Cold_War,2038636.0,Asia,,
127,1961,1961,"Bay of Pigs Invasion
",Cuba,"United States
Cuban DRF","Cold War and
the Consolidation of the
Cuban Revolution",https://en.wikipedia.org/wiki/Bay_of_Pigs_Invasion,https://en.wikipedia.org/wiki/Cold_War,1818269.0,North America,,
72,1953,1953,"1953 Iranian coup d'état
","House of Pahlavi
supporters
United States[l]
United Kingdom[l]","Iranian Government
supporters","Abadan Crisis and
the Cold War",https://en.wikipedia.org/wiki/1953_Iranian_coup_d'%C3%A9tat,https://en.wikipedia.org/wiki/Abadan_Crisis,1655521.0,Asia,,
93,1956,1956,"Suez Crisis
","Israel
United Kingdom
France",Egypt,"Cold War
and the Arab–Israeli
conflict",https://en.wikipedia.org/wiki/Suez_Crisis,https://en.wikipedia.org/wiki/Cold_War,1622516.0,Africa,,
341,1989,1990,"United States invasion of Panama
the war on drugs and Cold War",United States,Panama,,https://en.wikipedia.org/wiki/United_States_invasion_of_Panama,https://en.wikipedia.org/wiki/War_on_drugs,1581091.0,North America,,
6,1945,1949,"Chinese Civil War
(second phase)
","1945–1949
Yan'an Soviet
People's
Republic of China
(1949)
Chinese
Communist
Party
People's
Liberation Army","1945–1949
Republic of China
Kuomintang
Republic of China
Armed Forces","Chinese
Communist Revolution
and the Cold War",https://en.wikipedia.org/wiki/Chinese_Civil_War,https://en.wikipedia.org/wiki/Chinese_Communist_Revolution,1569753.0,Asia,,
38,1948,1949,"1948 Arab–Israeli War
","Israel
Before 26 May 1948:
Yishuv
Paramilitary groups:
Haganah
Palmach
Hish
Him
Irgun
Lehi
Allied Bedouin
tribes[17][18]
After 26 May 1948:
Israel Defense Forces
Minorities Unit
Foreign volunteers:
Mahal","Arab League:
Egypt[19]
All-Palestine
Protectorate[h]
Holy War Army[h]
Transjordan[19]
Iraq[19]
Syria[19]
Lebanon[i]
Saudi Arabia[21]
Yemen[22]
Irregulars:
Arab Liberation Army
Al-Najjada
Holy War Army","1948 Palestine
war and the Arab–Israeli
conflict",https://en.wikipedia.org/wiki/1948_Arab%E2%80%93Israeli_War,https://en.wikipedia.org/wiki/1948_Palestine_war,1440564.0,Africa,,
144,1962,1962,"Sino-Indian War
",China,India,"Sino-Indian
border dispute",https://en.wikipedia.org/wiki/Sino-Indian_War,https://en.wikipedia.org/wiki/Sino-Indian_border_dispute,1155926.0,Asia,,
169,1964,1979,"Rhodesian Bush War
","ZANU (ZANLA)[208]
ZAPU (ZIPRA)
Mozambique[209]
ANC (MK)[209]
Zambia[210]","Rhodesia
(1964–1979)
Zimbabwe Rhodesia
(1979)
Portugal
(1964–1974)[r]
South Africa
(from 1967)[211]","Cold War and
decolonisation of Africa",https://en.wikipedia.org/wiki/Rhodesian_Bush_War,https://en.wikipedia.org/wiki/Cold_War,1074466.0,Africa,,
248,1975,1990[Note 1],"Lebanese Civil War
","Lebanese Front
Kataeb Party
Lebanese Forces
Marada Brigades (until 1978)
Guardians of the Cedars
Al-Tanzim
Lebanese Youth Movement (MKG)
Tyous Team of Commandos
Zahliote Group
Shuraya Party
Vanguard of the Maani Army (MDJ)
(Other minor organizations)
Army of Free Lebanon (until 1977)
SLA (from 1976)
Israel (from 1978)
Tigers Militia (until 1980)","Lebanese National Movement (1975–
1982)
Jammoul (1982–1990)
Al-Mourabitoun
Progressive Socialist Party (PSP)
Lebanese Communist Party (LCP)
Syrian Social Nationalist Party in
Lebanon (SSNP)
Communist Action Organization in
Lebanon (OCAL)
Lebanese Movement in Support of
Fatah (LMSF)
Arab Socialist Ba'ath Party – Lebanon
Region
Revolutionary Communist Group
Sixth of February Movement
Socialist Arab Lebanon Vanguard
Party (SALVP)
Popular Nasserist Organization
(PNO)
Lebanese Arab Army (LAA)
Other minor organizations
PLO (1975–1983)
ASALA
Hezbollah (1985–1990)
Iran (from 1980, mainly IRGC
and Army paramilitary units)
Islamic Unification Movement (from
1982)
Syria (1976, 1983–1991)
Amal Movement
PNSF
Marada Brigades (left LF in
1978; aligned with Syria)
Lebanese Armed Forces
UNIFIL (from 1978)
Multinational Force in Lebanon
(1982–1984)
United States
UK
France
Italy","Cold War, Arab Cold War,
Arab–Israeli conflict, Iran–Israel and
Iran–Saudi proxy wars",https://en.wikipedia.org/wiki/Lebanese_Civil_War,https://en.wikipedia.org/wiki/Cold_War,1066607.0,Asia,,
71,1953,1959,Cuban Revolution,"26th of July Movement
Revolutionary Directorate
of March 13th
Second National Front of
Escambray","Cuba
Cuban Constitutional
Army",,https://en.wikipedia.org/wiki/Cuban_Revolution,,1061333.0,North America,,
219,1971,1971,"Bangladesh Liberation War
","Bangladesh
India (3–16 Dec.)",Pakistan,"independence of
Bangladesh, the Indo-Pakistani
conflicts, and the Cold War",https://en.wikipedia.org/wiki/Bangladesh_Liberation_War,https://en.wikipedia.org/wiki/Independence_of_Bangladesh,1049856.0,Asia,,
128,1961,1962,"French military rebellion in
Algeria[102][103]
",France,OAS,Algerian War,https://en.wikipedia.org/wiki/Algerian_War,,1011686.0,Africa,,
79,1954,1962,"Algerian War
","FLN
MNA
PCA","French Fourth Republic
(1954–1958)
French Fifth Republic
(1958–1962)
La Main Rouge
MPC
ANPA
FAF
(1960–61)
OAS
(1961–62)","Cold War and the
decolonisation of Africa",https://en.wikipedia.org/wiki/Algerian_War,https://en.wikipedia.org/wiki/Cold_War,1011686.0,Africa,,
91,1956,1956,"Hungarian Revolution of
1956
","Soviet Union
Until 28 October:
Hungary
From 4 November:
Kádár government","Hungarian
revolutionaries
From 28 October:
Hungary (Nagy
government)",Cold War,https://en.wikipedia.org/wiki/Hungarian_Revolution_of_1956,https://en.wikipedia.org/wiki/Hungarian_Revolution_of_1956,961887.0,Europe,,
314,1983,1983,"United States invasion of Grenada
","United States
Grenadian Opposition
Caribbean Peace Force:
Barbados
Jamaica
Organisation of Eastern Caribbean
States
Antigua and Barbuda
Dominica
Saint Kitts and Nevis
Saint Lucia
Saint Vincent and the
Grenadines","Grenada (PRG)
Cuba
Soviet Union",Cold War,https://en.wikipedia.org/wiki/United_States_invasion_of_Grenada,https://en.wikipedia.org/wiki/Cold_War,933943.0,Undefined,,
196,1967,1970,"Nigerian Civil War
","Nigeria
Egypt[s]
Supported by:
United Kingdom[303]
Soviet Union[304]
Ethiopia[305]","Biafra
Republic of Benin (1967)
Supported by:
China[306][307]
Tanzania[308][309][310]
Zambia
Gabon
Côte d'Ivoire
Covert support:
France[311][312]
Portugal[311][312]
Israel[311][312]
South Africa[311][312]
Rhodesia[311][312]","Cold War and
the decolonisation of Africa",https://en.wikipedia.org/wiki/Nigerian_Civil_War,https://en.wikipedia.org/wiki/Cold_War,931277.0,Africa,,
3,1990,1991,"Gulf War
","United States
United Kingdom
France
Saudi Arabia
Egypt
Kuwait
Coalition:
Afghan mujahideen[3]
Argentina
Australia
Bahrain
Bangladesh
Belgium
Canada
Czechoslovakia
Denmark
Germany
Greece
Honduras
Hungary
Italy
Japan
Luxembourg
Morocco
Netherlands
New Zealand
Niger
Norway
Oman
Pakistan
Philippines
Poland
Portugal
Qatar
Romania
Senegal
Sierra Leone
Singapore
South Korea
Spain",Iraq,"Arab Cold
War",https://en.wikipedia.org/wiki/Gulf_War,https://en.wikipedia.org/wiki/Arab_Cold_War,4463471.0,Asia,,
28,1992,1995,"Bosnian War Part of
the Yugoslav Wars","Until October 1992:
Bosnia and
Herzegovina
Herzeg-Bosnia
Croatia
October 1992–94:
Bosnia and
Herzegovina
1994–95:
Bosnia and
Herzegovina
Herzeg-Bosnia
Croatia
Supported by:
NATO (bombing
operations, 1995)","Until May 1992:
Republika Srpska
Serbian Krajina
SFR Yugoslavia
October 1992–94:
Herzeg-Bosnia
Croatia
May 1992–94:
Republika Srpska
Serbian Krajina
Western Bosnia
Supported by:
FR Yugoslavia
1994–95:
Republika Srpska
Serbian Krajina
Western Bosnia
Supported by:
FR Yugoslavia",,https://en.wikipedia.org/wiki/Bosnian_War,https://en.wikipedia.org/wiki/Yugoslav_Wars,1998515.0,Europe,,
80,1999,1999,"Kargil War
",India,"Pakistan
Non-state allies:
United Jihad Council[232]
Afghan mercenaries","Kashmir
conflict and the India–
Pakistan conflict",https://en.wikipedia.org/wiki/Kargil_War,https://en.wikipedia.org/wiki/Kashmir_conflict,1565500.0,Asia,,
94,2001,Ongoing,"War on terror
","Main countries:
United States
United Kingdom
Germany
Italy
Canada
France
Australia
New Zealand
Netherlands
Poland
Turkey","Main opponents:
Al-Qaeda
Islamic State[note 2]
First Islamic Emirate of
Afghanistan (Taliban)
Ba'athist Iraq[note 3]
Iraqi Ba'athist insurgents","post-Cold War
and post-9/11 eras",https://en.wikipedia.org/wiki/War_on_terror,https://en.wikipedia.org/wiki/Post%E2%80%93Cold_War_era,1353275.0,Undefined,,
67,1998,1999,"Kosovo War Part of
the Yugoslav
Wars[155]","Kosovo Liberation
Army
FARK[g]
NATO (from 24 March
1999)
Belgium
Canada
Denmark
France
Germany
Italy
Netherlands
Norway[156]
Portugal
Spain
Turkey[157]
United Kingdom
United States",FR Yugoslavia,,https://en.wikipedia.org/wiki/Kosovo_War,https://en.wikipedia.org/wiki/Yugoslav_Wars,1340784.0,Europe,,
10,"1981/1988/1991
(disputed)",Ongoing,"Somali Civil War
","1980s–1991:
Somali Democratic
Republic
SNA (until 1991)
Supported by:
Djibouti[8][9]
Italy[10]
Libya[11][12]
Saudi Arabia[11]
South Africa[12]
United
States[13][14][11]
1991–1995:
United Nations
UNOSOM I
Australia
Austria
Belgium
Botswana
Canada
Czechia
Egypt
Fiji
Finland
Indonesia
Jordan","1980s–1991:
Armed rebel groups
USC
SSDF
SPM
Supported by:
Ethiopia[40][41]
1980s–1991:
Somali National Movement
Supported by:
Ethiopia[42][43]
1991–1995:
USC
SNA
Al-Itihaad
1995–2006:
SRRC
SNA
SPM-Harti
Islamic Courts Union","Conflicts in the
Horn of Africa, The
Ethiopian-Somali conflict,
War against the Islamic
State, Operation Enduring
Freedom – Horn of Africa,
and Global War on
Terrorism",https://en.wikipedia.org/wiki/Somali_Civil_War,https://en.wikipedia.org/wiki/Conflicts_in_the_Horn_of_Africa,1030780.0,Africa,,
85,1999,2009,"Second Chechen War
","Russia
Provisional Council
(until 2000)
Chechen Republic
(from 2000)","Chechen Republic of
Ichkeria (1999–2007)
Caucasian Front (2005–2007)
Caucasus Emirate (2007–
2009)
North Caucasian volunteers
Mujahideen[238][239][240][241]
Grey Wolves[242][243][244]","Chechen-
Russian conflict and the
Post-Soviet conflicts",https://en.wikipedia.org/wiki/Second_Chechen_War,https://en.wikipedia.org/wiki/Chechen-Russian_conflict,998234.0,Europe,,
67,2011,2024,Syrian civil war,"Ba'athist Syria
Hezbollah
Iran
Russia (2015–present)
Support
Iraq (2017–19)","Syria
(Syrian o
Turke
Support:
Qatar
United
Saudi A
United
France
Governm
Support:
Al-Qae
Qatar (
Saudi A
Turkey
Islam
Support
Al-Qa
Roja
Forces) (
Support:
United
Russia
France
PKK
PUK (2
KDP (2
CJTF
Participan
United
France
United
Jordan
Germa
Nether
United
Saudi A
Austra
Belgium
Bahrai
Denma
Morocc
Qatar (
Canad",,https://en.wikipedia.org/wiki/Syrian_civil_war,,3749348.0,Asia,,
99,2014,Ongoing,"Yemeni civil war (2014–present)
","Supreme Political Council
(formerly SRC)
Houthis
GPC (pro-Houthi)
Saleh loyalists (until 2017)
Pro-Houthi Popular
Committees[410]
Sanaa-GPC forces[411]","Repub
(internation
PLC since
Ye
Re
GP
STC (2
present
Nation
present","Yemeni crisis, the Arab Winter, the war on terror, and
the Iran–Saudi Arabia proxy conflict",https://en.wikipedia.org/wiki/Yemeni_civil_war_(2014%E2%80%93present),https://en.wikipedia.org/wiki/Yemeni_crisis,1565185.0,Asia,,
26,2006,Ongoing,"Mexican drug war
","Mexico
Armed Forces
National Guard
(2019–present)
Federal Police
(2006–2019)
State and municipal police
forces
Consulting and training
support:
United States
Mérida Initiative
Colombia
National Police of Colombia
Australia
Australian Federal Police
Canada
RCMP ACCBP","Principal Mexican cartels:
Gulf Cartel
Los Metros
Los Rojos
Sinaloa Cartel
Los Chapitos
La Mayiza
CJNG
LNFM
Los Viagras
Northeast Cartel
Los Zetas
United Cartels
Other cartels:
LFM
CSRL
Juárez Cartel",war on drugs,https://en.wikipedia.org/wiki/Mexican_drug_war,https://en.wikipedia.org/wiki/War_on_drugs,1435003.0,North America,,
40,2008,2008,"Russo-Georgian War
","Russia
South Ossetia[note 1]
Abkhazia[note 2]",Georgia,"post–Cold War era, Abkhazia conflict, the
Georgian–Ossetian conflict, and the post-Soviet
conflicts",https://en.wikipedia.org/wiki/Russo-Georgian_War,https://en.wikipedia.org/wiki/Post%E2%80%93Cold_War_era,923080.0,Asia,,
77,2012,Ongoing,"Mali War
","Mali
Russia (2021–)
Africa Corps[177]
France (2013–22)
Supported by:
ECOWAS
Benin[178]
Burkina Faso (until
2025)[179]
Cape Verde[180]
Gambia[180]
Ghana[181]
Guinea[182]
Guinea-Bissau[180]
Ivory Coast[182]
Liberia[183]
Niger (until 2025)[184]
Nigeria[185]
Sierra Leone[186]
Senegal[185]
Togo[178]
Burkina Faso (2025–)
Niger (2025–)","CSP-PSD (
Co
Movem
[174] (20
GA
(2023–2
Azawa
Supporte
Ukrai
Al-Qae
AQ
An
Al-
Ja
Muslim
Boko H
MOJW
Ansar
M
(2012–1
Islamic
Sah","Islamist insurgency in the Sahel and the war on
terror",https://en.wikipedia.org/wiki/Mali_War,https://en.wikipedia.org/wiki/Islamist_insurgency_in_the_Sahel,785056.0,Africa,,
97,2014,Ongoing,"War against the Islamic State
","In multiple regions:
CJTF–OIR
IMCTC
In Iraq
Iraq
Iraqi Kurdistan
United States
Iran[400]
In Syria
Ba'athist Syria (2011–2024)
Russia
Iran
Syrian transitional
government (since 2024)
Turkey[401]
Syrian Salvation
Government (2017–2024)
Syrian Interim Government
(2013–2025)
Autonomous Administration
of North and East Syria (2015–
present)
United States
In the Levant
Egypt (See: Sinai insurgency)
Israel[402]
Hamas
In Libya
Libya
Government of National
Accord
House of Representatives
Egypt
France
United States
In Afghanistan
Islamic Republic of
Afghanistan
Islamic Emirate of
Afghanistan (Taliban, conflict
since 2015)[403][404]
In West Africa
Multinational Joint Task
Force","Islamic
Wil
(in Liby
Wil
(in the S
ISW
(West A
IS-
(Sahel)
IS-
(Centra
Ans
(in Moz
Wil
(in Afgh
Wil
(in the N
Abu
(in Sout
Wil
(in Som","war on terror, the Second Libyan Civil War, the War
in Iraq (2013–2017), the Syrian civil war and its spillover, the
Sinai insurgency, the Boko Haram insurgency, the insurgency in
the North Caucasus, the Moro conflict, the insurgency in Cabo
Delgado, the Islamic State insurgency in Puntland the Sahel
War and the Salafi-jihadist insurgency in the Gaza Strip",https://en.wikipedia.org/wiki/War_against_the_Islamic_State,https://en.wikipedia.org/wiki/War_on_terror,499572.0,Asia,,
24,2006,2006,"2006 Lebanon War
",Israel,"Hezbollah
Allies:
Amal
Popular Guard
PFLP-GC
Iran (Ynet report)
ICU (U.N. report)","Israeli–Lebanese conflict, the Iran–Israel
proxy conflict and the war on terror",https://en.wikipedia.org/wiki/2006_Lebanon_War,https://en.wikipedia.org/wiki/Israeli%E2%80%93Lebanese_conflict,497824.0,Asia,,
49,2009,Ongoing,"Boko Haram insurgency
","Nigeria
Multinational Joint Task
Force[3][4][5][6]
Local militias and
vigilantes[7][8][9][10] [11]
Foreign mercenaries[12][13]
Sultan Murad
Division (from
2024)[14][15]
Supported by:
United States[16][17]
Russia[18]
China[19]
France[19]
United Kingdom[19][20]
African Union[21][22]
Turkey[23][24]
Pakistan[25][26]
Canada[27]
Egypt[28][29]
Israel[30]
European Union[31]
Colombia[32][33]
Belarus[34]","Boko Haram (2009-2015)
Ansaru (2009-2012)
Islamic State
Boko Haram (2015-2016)
ISWAP (2016–present,
originally Barnawi faction of Boko
Haram)[35][36]
ISSP
Lakurawa (2016–
present)[37]
al-Qaeda[38]
Ansaru (2012–present)[ab]
Supported by:
Al-Shabaab[43]
AQIM[44][45]
Boko Haram (2016–
present)[ac]
Shekau faction[49][50]
Several minor factions[46]","religious violence in Nigeria, the war against
the Islamic State, the Islamist insurgency in the Sahel,
and the war on terror[2]",https://en.wikipedia.org/wiki/Boko_Haram_insurgency,https://en.wikipedia.org/wiki/Religious_violence_in_Nigeria,486156.0,Africa,,
109,2016,Ongoing,"Philippine drug war
","Philippine
government
Philippine National Police
Inter-Agency Committee
on Anti-Illegal Drugs
Philippine Drug
Enforcement Agency
National Bureau of
Investigation
Armed Forces of the
Philippines
Bureau of Customs
Department of Justice
Anti-Money Laundering
Council
Philippine Coast Guard
Non-state participants,
armed organizations:
CPP-NPA[460]
(until August 2016[note 4])
MILF[462]
Vigilantes[463]
Davao Death Squad
Hired hitmen
Foreign support:[note 5]
China
(intelligence and financial
support)[464][465]
Singapore
(intelligence support)[466]
United States
(financial support)[467][464]","Philippin
gangs:
Kuraton
Waray-W
Bahala
Sigue S
Foreign d
Sin
Chinese
Colomb
(alleged
Jihadist
groups:
Abu
Ninja c
engaged
Suspecte","Civil conflict in the Philippines, Cross border attacks
in Sabah, spillovers of the Colombian Conflict and Mexican
drug war and of the Insurgency in south Thailand and War
against Islamic State",https://en.wikipedia.org/wiki/Philippine_drug_war,https://en.wikipedia.org/wiki/Civil_conflict_in_the_Philippines,451505.0,Asia,,
117,2017,2017,"Siege of Marawi
",Philippines,Islamic,Moro conflict and the war against the Islamic State,https://en.wikipedia.org/wiki/Siege_of_Marawi,https://en.wikipedia.org/wiki/Moro_conflict,439062.0,Undefined,,
65,2026.0,2026,2026 Iran war,"Israel
United States
Bahrain
Kuwait
Oman
Qatar
United Arab Emirates
Jordan
Saudi Arabia
Iraq
Akrotiri and Dhekelia","Iran
Popular Mobilization
Forces
Hezbollah
Houthis",,https://en.wikipedia.org/wiki/2026_Iran_war,,15098689.0,Europe,,
40,2023.0,Ongoing,"Gaza war
","Israel[k]
Israeli allies:
Popular Forces[l][m]","Hamas
Palestinian allies:
Palestinian Islamic Jihad
Popular Front for the
Liberation of Palestine
Democratic Front for the
Liberation of Palestine
Al-Aqsa Martyrs' Brigades
Palestinian Mujahideen
Movement
Palestinian Freedom
Movement
Popular Resistance
Committees
Popular Front for the
Liberation of Palestine –
General Command
Abdul al-Qadir al-
Husseini Brigades
Jaysh al-Ummah","Gaza–
Israel conflict, the
Israeli–Palestinian
conflict, and the
Middle Eastern
crisis",https://en.wikipedia.org/wiki/Gaza_war,https://en.wikipedia.org/wiki/Gaza%E2%80%93Israel_conflict,9250112.0,Asia,,
21,2022.0,Ongoing,"Russian invasion of
Ukraine
","Russia
Donetsk PR
Luhansk PR
Belarus[f]
North Korea",Ukraine,"Russo-
Ukrainian War
(outline)",https://en.wikipedia.org/wiki/Russian_invasion_of_Ukraine,https://en.wikipedia.org/wiki/Russian_invasion_of_Ukraine,7128139.0,Europe,,
36,2023.0,Ongoing,"Sudanese civil war
Part of the
Sudanese Civil
Wars","Transitional
Sovereignty Council
Sudanese Armed
Forces
PDF[88]
Popular Resistance
Al-Bara Battalion
AWB
SPLM-N (Agar)[89]
JEM[90]
SLM (Minnawi)
SLM (Tambour)
(from August 2023)
Joint Darfur Force (from
November 2023)
Foreign Support
Ukraine[91]
Turkey[92]","Government of Peace
and Unity (from April 2025) [93]
Rapid Support
Forces
Non-RSF Janjaweed
militias
SPLM-N (al-Hilu)
[94]
(from February 2025)
Tamazuj (from August 2023)
Foreign Support
Libyan National Army[95]
United Arab Emirates[96]
Wagner Group[97]
SLM (al-Nur)[98]
SPLM-N (al-Hilu) (June
2023 – February 2025)",,https://en.wikipedia.org/wiki/Sudanese_civil_war_(2023%E2%80%93present),https://en.wikipedia.org/wiki/Sudanese_Civil_War,4863007.0,Africa,,
55,2025.0,2025,"2025 India–
Pakistan conflict",India,Pakistan,,https://en.wikipedia.org/wiki/2025_India%E2%80%93Pakistan_conflict,https://en.wikipedia.org/wiki/2025_India%E2%80%93Pakistan_conflict,3814491.0,Asia,,
