Started,Ended,Name of conflict,Belligerents,,Part of,War link,Wider conflict link,Wikipedia pageviews (2025 - 2026)
,,,Victorious party (if applicable),Defeated party (if applicable),,,,
2004,2010,"Sinaloa Cartel–Gulf Cartel conflict
","Sinaloa cartel
Los Negros","Gulf cartel
Los Zetas","Mexican drug war (from 2006
to 2010)",,,
2004,Ongoing,South Thailand insurgency,"Thailand
Royal Thai Armed Forces (RTARF)
Royal Thai Police (RTP)
Anti-Money Laundering Office (AMLO)
Department of Provincial Administration
(DOPA)
Department of Special Investigation (DSI)
Internal Security Operations Command
(ISOC)
National Intelligence Agency (NIA)
Office of the Narcotics Control Board
(ONCB)
Southern Border Provinces Administrative
Centre (SBPA)
Supported by:
Malaysia
Indonesia
Qatar
Bahrain
Turkey
Germany
New Zealand (forensic science)
Australia (intelligence support)
Russia (intelligence support)
Canada (mine clearance)
United States ( CIA, EOD, K-9)","Barisan Revolusi Nasional
Runda Kumpulan Kecil
Gerakan Mujahidin Islam Patani
Islamic Front for the Liberation of Pattani
Pattani United Liberation
Organisation
Former support:
Free Aceh Movement (until 2005)
Mayaki cartel (financial support)
Jemaah Islamiyah (until 2024)
Islamic State
East Asia Province
Drug cartels
Mayaki cartel
Xaysana cartel
Usman cartel
Oil smugglers
Pirates",,https://en.wikipedia.org/wiki/South_Thailand_insurgency,,201686.0
2004,Ongoing,"Insurgency in Khyber Pakhtunkhwa
","Pakistan
Pakistan Armed Forces
Pakistan Army
Pakistan Air Force
Special Forces:
SSG
SSW
Civil Armed Forces
Frontier Corps
FC KPK North
FC KPK South
Pakistan Rangers
Pakistan Levies
Pakistan Police
Counter Terrorism Department
KPK Police
Frontier Constabulary
Dir Levies
Malakand Levies
Pakistani Intelligence community
NACTA
ISI
MI
FIA
United States (see Drone strikes in
Pakistan, until 2018)","Insurgents
Pakistani Taliban
Jamaat-ul-Ahrar[c]
TNSM[d]
Lashkar-e-Islam[e]
Tariq Gidar Group
Tehreek-e-Jihad Pakistan
Inqilab E Islami Pakistan (IIP)
Hafiz Gul Bahadur Group
Jaish-e-Fursan-e-Muhammad
Al-Qaeda
Al-Qaeda in the Indian
Subcontinent
Former belligerents
Jundallah (until 2014)
Islamic Movement of Uzbekistan
(until 2015)
Turkistan Islamic Party (until 2015)
Lashkar-e-Jhangvi (until 2024)
Sipah-e-Sahaba (until 2018)
Supported by:
Afghanistan
Islamic State
Islamic State – Pakistan Province
Khorasan Province
Jundallah
IMU
Jamaat-ul-Ahrar","war on terror and the
spillover of the War in Afghanistan
(2001–2021)",https://en.wikipedia.org/wiki/Insurgency_in_Khyber_Pakhtunkhwa,https://en.wikipedia.org/wiki/War_on_terror,370186.0
2004,Ongoing,"Iran–PJAK conflict
","Iran
Supported by:
Turkey (allegedly, denied by Iran)
United States (alleged by PJAK,
since 2009)","Kurdistan Free Life Party
(PJAK)
Eastern Kurdistan Units (YRK)
Women's Defence Forces (HPJ)",Kurdish separatism in Iran,https://en.wikipedia.org/wiki/Iran%E2%80%93PJAK_conflict,https://en.wikipedia.org/wiki/Kurdish_separatism_in_Iran,82916.0
2003,Ongoing,Conflict in the Niger Delta,"Nigerian government
Niger Delta Revolutionary Crusaders
(since 2019)
Nigerian Armed Forces
List
Abia State
Akwa Ibom State
Bayelsa State","Niger Delta Republic
Niger Delta Avengers
(2016–present)
Niger Delta Greenland Justice
Mandate
(2016–present)
Joint Niger Delta Liberation Force
(2016–present)",,https://en.wikipedia.org/wiki/Conflict_in_the_Niger_Delta,,89641.0
,,,"Cross River State
Delta State
Edo State
Imo State
Ondo State
Rivers State
supported by:
Belarus","Niger Delta Red Squad
(2016–present)
Adaka Boro Avengers
(2016–present)
Asawana Deadly Force of Niger
Delta
(2016–present)
Niger Delta Revolutionary Crusaders
(2016–present)
New Delta Avengers (2017–present)
Niger Delta Marine Force
(2017–present)
Reformed Egbesu Fraternities
Red Egbesu Water Lions
(2016–present)
Reformed Egbesu Boys of the Niger
Delta
(2016–present)
Egbesu Mightier Fraternity
(2016–present)
Biafran separatists (from
2021)
Movement for the Emancipation of
the Niger Delta
(2004–14)
Niger Delta People's Volunteer Force
(2003–09)
Niger Delta Liberation Front
(2005–14)
Joint Revolutionary Council
(2004–14)
Niger Delta Vigilante
(2004–09)
Supported by:
IPOB elements
Bandits
Pirates
Nigerian mafia
Black Axe
The Outlaws
Eiye",,,,
2004,Ongoing,"Kivu conflict
","Pro-government:
DR Congo
Wazalendo (March 2024–)
NDC-R
Burundi
MONUSCO
Angola
Zimbabwe
Botswana (against FNL and FNL–
Nzabampema)
Supported by:
France
Belgium
Bulgaria
Horațiu Potra's Mercenary Legion (until 31 Jan
2025)","Rwandan-aligned militias:
CNDP
M23
Banyamulenge
Twigwaneho
Gumino
Ugandan-aligned militias:
FPRI
FPLC
FPDC
Foreign state actors:
Uganda
Rwanda
Anti-Ugandan forces:
IS-CAP
ADF-Baluku
ADF-Mukulu
Mai-Mai Kyandenga
UPLC
Anti-Rwandan militias:
FDLR
RUD-Urunana
Other Hutu-aligned forces
Nyatura
Anti-Burundi militias:
RED-Tabara
FNL
Mai-Mai militias:
NDC-R (until March 2024)
FPP-AP
AFRC
RNL
Mazembe
Kifuafua
Simba","aftermath of the Second
Congo War",https://en.wikipedia.org/wiki/Kivu_conflict,https://en.wikipedia.org/wiki/Second_Congo_War,421321.0
,,,,"MAC
Raia Mutomboki
Buhirwa
Kidjangala
Fuliru Mai-Mai
Makanaki
Biloze Bishambuke
CNPSC
Alaise
CODECO (in Ituri)
Chini ya Kilima–FPIC (in Ituri)
Zaïre-FPAC (in Ituri)",,,,
2004,2014,"Houthi insurgency
","Houthi Movement
Yemen (pro-Saleh forces)
Alleged support by:
Iran
North Korea
Libya (until 2011)","Yemen
Security Forces
Sunni tribes
Al-Islah militias
Saudi Arabia
Supported by:
Jordan
Morocco
al-Qaeda
Ansar al-Sharia","Yemeni crisis and the Iran–
Saudi Arabia proxy conflict",https://en.wikipedia.org/wiki/Houthi_insurgency,https://en.wikipedia.org/wiki/Yemeni_crisis_(2011%E2%80%93present),133649.0
2004,2007,Central African Bush War,"Central African Republic
Chad","Rebels:
Union of Democratic Forces for Unity
(UFDR)
People's Army for the Restoration of
Democracy (APRD)
Convention of Patriots for Justice and
Peace (CPJP)
Movement of Central African Liberators
for Justice (MLCJ)
...and others
Patriotic Convention for Saving the
Country (CPSK)
Democratic Front of the Central
African People (FDPC)
FDC
GALPC
FPR",,https://en.wikipedia.org/wiki/Central_African_Bush_War,,18784.0
2004,Ongoing,"Sistan and Baluchestan insurgency
",Iran,"Current:
Jaish ul-Adl (2013–present)
Ansar Al-Furqan (2013–present)
BLA
BLF
Former:
Jundallah (2004–2011)
Harakat Ansar (2012–2013)","larger Insurgency in
Balochistan",https://en.wikipedia.org/wiki/Sistan_and_Baluchestan_insurgency,https://en.wikipedia.org/wiki/Insurgency_in_Balochistan,70832.0
Started,Ended,Name of conflict,Belligerents,,,,,
,,,Victorious party (if applicable),Defeated party (if applicable),,,,
2005,2005,2005 Bangladesh India border clash,India,Bangladesh,,https://en.wikipedia.org/wiki/Deaths_along_the_Bangladesh%E2%80%93India_border#Cross_border_firing,,50306.0
2005,Ongoing,Insurgency in Paraguay,"Paraguay
Armed forces
Police
Joint Task Force (FTC)
Supported by:
United States
Colombia
Justicieros de la Frontera","Paraguayan People's Army (EPP)
Armed Peasant Association (ACA)[f]
Army of Marshal López (EML)
(from 2016)
Supported by:
FARC (until 2016)
Manuel Rodríguez Patriotic Front (alleged)
Primeiro Comando da Capital
Comando Vermelho",,https://en.wikipedia.org/wiki/Insurgency_in_Paraguay,,54003.0
2005,2010,Chadian Civil War (2005–2010),"Chad
France
Libya
NMRD[g]
JEM[h]
Supported by:
Ukraine
Israel
Romania","Rebels:
FUC[i]
UFDD[j]
RFD[k]
CNT[l]
CDR[m]
UFDP[n]
RDL[o]
UFDD-F[p]
SCUD[q]
CNR[r]
URF[s]
UFCD[t]
FSR[u]
UFR[v]
UMC[w]
FPRN[x]
UDC[y]
MPRD[z]
Janjaweed
Alleged support:
Sudan (until 2010)",,https://en.wikipedia.org/wiki/Chadian_Civil_War_(2005%E2%80%932010),,46206.0
2005,2008,Mount Elgon insurgency,Kenya Defence Forces,Sabaot Land Defence Force,,https://en.wikipedia.org/wiki/Mount_Elgon_insurgency,,11723.0
Started,Ended,Name of conflict,Belligerents,,,,,
,,,Victorious party (if applicable),Defeated party (if applicable),,,,
2006,Ongoing,"Fatah–Hamas conflict
","Hamas
Gaza Strip (after June
2007)
Supported by:
Iran","Fatah
Palestinian Authority
Al-Aqsa Martyrs' Brigades
(until 2007)[aa]
Supported by:
United States (alleged)
United Kingdom (covert)",Palestinian internal political violence,https://en.wikipedia.org/wiki/Fatah%E2%80%93Hamas_conflict,https://en.wikipedia.org/wiki/Palestinian_internal_political_violence,217578.0
2006,2008,"Iraqi civil war (2006–2008)
","Iraq
United States
United Kingdom
Other coalition forces
Private Security
Contractors
Peshmerga
Sons of Iraq","Mahdi Army (until 2008)
Special Groups
Asa'ib Ahl al-Haq
Kata'ib Hezbollah
Promised Day Brigades
(from 2008)
Badr Brigades
Soldiers of Heaven
Other militias
Shia tribes
Al-Qaeda:
Al-Qaeda in Iraq (until
January 2006)
Mujahideen Shura Council
(January 2006 – October 2006)
Islamic State of Iraq (from
October 2006)
Islamic Army in Iraq
Ansar al-Sunna
Naqshbandi Army
Other militias
Sunni tribes",Iraq War,https://en.wikipedia.org/wiki/Iraqi_civil_war_(2006%E2%80%932008),https://en.wikipedia.org/wiki/Iraq_War,156698.0
2006,2013,"Operation Astute
","Australia
New Zealand
Malaysia
Portugal
East Timor (government
troops)
United Nations soldiers","Renegade elements of the
FDTL",2006 East Timorese crisis,https://en.wikipedia.org/wiki/Operation_Astute,https://en.wikipedia.org/wiki/2006_East_Timorese_crisis,43568.0
2006,2018,"Bakassi conflict
",Cameroon,"Democratic Republic of Bakassi
Niger Delta militias
Pro-Nigerian militias","conflict in the Niger Delta and the piracy in
the Gulf of Guinea",https://en.wikipedia.org/wiki/Bakassi_conflict,https://en.wikipedia.org/wiki/Conflict_in_the_Niger_Delta,63757.0
2006,2006,"2006 Lebanon War
",Israel,"Hezbollah
Allies:
Amal
Popular Guard
PFLP-GC
Iran (Ynet report)
ICU (U.N. report)","Israeli–Lebanese conflict, the Iran–Israel
proxy conflict and the war on terror",https://en.wikipedia.org/wiki/2006_Lebanon_War,https://en.wikipedia.org/wiki/Israeli%E2%80%93Lebanese_conflict,497824.0
2006,2009,"Eelam War IV
","Sri Lanka
Supported by
Pakistan","Liberation Tigers of Tamil
Eelam",Sri Lankan Civil War,https://en.wikipedia.org/wiki/Eelam_War_IV,https://en.wikipedia.org/wiki/Sri_Lankan_civil_war,60287.0
2006,Ongoing,"Mexican drug war
","Mexico
Armed Forces
National Guard
(2019–present)
Federal Police
(2006–2019)
State and municipal police
forces
Consulting and training
support:
United States
Mérida Initiative
Colombia
National Police of Colombia
Australia
Australian Federal Police
Canada
RCMP ACCBP","Principal Mexican cartels:
Gulf Cartel
Los Metros
Los Rojos
Sinaloa Cartel
Los Chapitos
La Mayiza
CJNG
LNFM
Los Viagras
Northeast Cartel
Los Zetas
United Cartels
Other cartels:
LFM
CSRL
Juárez Cartel",war on drugs,https://en.wikipedia.org/wiki/Mexican_drug_war,https://en.wikipedia.org/wiki/War_on_drugs,1435003.0
,,,"Philippines
National Bureau of
Investigation
Non-state armed groups:
Popular Revolutionary Army
(EPR)
Zapatistas (EZLN)
Self-defense groups","Tijuana Cartel
La Barredora
La Unión Tepito
Dismantled cartels:
Milenio Cartel (1980–2010)
Beltrán-Leyva Cartel (1996–2017)
Independent Cartel of Acapulco
(2010–2014)
Knights Templar Cartel (2010–
2017)
Support:
Mexican Narcosystem
Organized crime in Italy
Albanian mafia
Mexican Mafia
Mara Salvatrucha",,,,
2006,2009,"War in Somalia (2006–2009)
","Invasion:
Ethiopia
TFG
United States
Supported by:
Kenya
Insurgency:
Ethiopia
TFG
Puntland
Galmudug
ASWJ
United States
AMISOM
Burundi
Kenya
Malawi
Nigeria
Uganda","Invasion:
Islamic Courts Union
Supported by:
ONLF
Eritrea
Insurgency:
Al-Shabaab
ARS
Ras Kamboni Brigades
Jabhatul Islamiya
Muaskar Anole
ICU loyalists","Ethiopian–Somali conflict and the Somali
Civil War",https://en.wikipedia.org/wiki/War_in_Somalia_(2006%E2%80%932009),https://en.wikipedia.org/wiki/Ethiopian%E2%80%93Somali_conflict,161888.0
2007,Ongoing,"Operation Juniper Shield
","Algeria
Morocco
Mauritania
Tunisia
Burkina Faso
Chad
Mali
Niger
Nigeria
Senegal
Cameroon
Togo
Ghana
Ivory Coast
Benin
Cape Verde
Gambia
Guinea
Guinea-Bissau
Liberia
Sierra Leone
Supported and trained By:
United States
Canada
France
Germany
Netherlands
Spain
United Kingdom
Denmark
Czech Republic
Sweden","Islamic militants
al-Qaeda
Jama'at Nasr al-Islam wal
Muslimin
MOJWA (until 2013)
AQIM
Al-Mourabitoun (until 2017)
Ansar al-Sharia
Macina Liberation Front
Ansar Dine (until 2017)
Boko Haram (partially aligned
with ISIL since 2015)
Ansaru
ISIL
Islamic State in the Greater
Sahara
(2015–present)
Islamic State – West Africa
Province","global war on terrorism (Islamist insurgency
in the Sahel)",https://en.wikipedia.org/wiki/Operation_Juniper_Shield,https://en.wikipedia.org/wiki/War_on_terrorism,88306.0
,,,,,,,,
2007,2009,"Tuareg rebellion (2007–2009)
","Niger
Mali","In Niger:
Niger Movement for Justice
Front of Forces for
Rectification (2008 split)
Niger Patriotic Front (2009
split)
In Mali:
ADC
ATNM (2008 split)","Tuareg rebellions and Operation Juniper
Shield",https://en.wikipedia.org/wiki/Tuareg_rebellion_(2007%E2%80%932009),https://en.wikipedia.org/wiki/Tuareg_rebellion_(disambiguation),22197.0
2007,2007,"2007 Lebanon conflict
","Lebanese Armed Forces
Internal Security Forces
Supported by:
United States","Fatah al-Islam
Jund al-Sham",war on terror,https://en.wikipedia.org/wiki/2007_Lebanon_conflict,https://en.wikipedia.org/wiki/War_on_terror,39199.0
2007,2007,"Battle of Gaza (2007)
",Hamas,"Fatah
Palestinian Authority
Supported by:
United States (alleged by
Hamas)",Fatah–Hamas conflict,https://en.wikipedia.org/wiki/Battle_of_Gaza_(2007),https://en.wikipedia.org/wiki/Fatah%E2%80%93Hamas_conflict,262219.0
2007,2015,"Insurgency in Ingushetia
","Russia
Ingushetia","Chechen Republic of
Ichkeria (until October 2007)
Caucasian Front (until
October 2007)
Caucasus Emirate (from
October 2007)
Vilayat Galgayche (from
October 2007)
Ingush opposition (2007–
2008)
ad hoc revenge groups","Second Chechen War and North Caucasus
Insurgency",https://en.wikipedia.org/wiki/Insurgency_in_Ingushetia,https://en.wikipedia.org/wiki/Second_Chechen_War,20357.0
2008,2008,2008 invasion of Anjouan,"African Union
Comoros
Senegal
Sudan
Tanzania
Supported by:
France (logistical support)
Libyan Arab Jamahiriya
(logistical support)",Anjouan,,https://en.wikipedia.org/wiki/2008_invasion_of_Anjouan,,53915.0
2008,2008,2008 Lebanon conflict,"March 8 Alliance
Hezbollah
Amal Movement
LDP
SSNP
Arab Democratic Party","March 14 Alliance
Future Movement
Progressive Socialist Party",,https://en.wikipedia.org/wiki/2008_Lebanon_conflict,,54558.0
2008,2008,Djiboutian–Eritrean border conflict,Eritrea,"Djibouti
Supported by:
France",,https://en.wikipedia.org/wiki/Djiboutian%E2%80%93Eritrean_border_conflict,,30513.0
2008,2011,2008–2011 Cambodian–Thai border crisis,Cambodia,Thailand,,https://en.wikipedia.org/wiki/2008%E2%80%932011_Cambodian%E2%80%93Thai_border_crisis,,28517.0
2008,2008,2008 Bangladesh India border clash,Bangladesh,"India
cattle smuggler",,https://en.wikipedia.org/wiki/Deaths_along_the_Bangladesh%E2%80%93India_border#Cross_border_firing,,50306.0
2008,2008,"Russo-Georgian War
","Russia
South Ossetia[note 1]
Abkhazia[note 2]",Georgia,"post–Cold War era, Abkhazia conflict, the
Georgian–Ossetian conflict, and the post-Soviet
conflicts",https://en.wikipedia.org/wiki/Russo-Georgian_War,https://en.wikipedia.org/wiki/Post%E2%80%93Cold_War_era,923080.0
2008,2008,2008 Kufra conflict,Libya,"Toubou Front for the
Salvation of Libya",,https://en.wikipedia.org/wiki/2008_Kufra_conflict,,10432.0
2008,2009,"Gaza War
","Israel
Israel Defense Forces
Israel Security Agency","Gaza Strip
Hamas
Ezzedeen al-Qassam
Brigades",Gaza–Israel conflict,https://en.wikipedia.org/wiki/Gaza_War_(2008%E2%80%932009),https://en.wikipedia.org/wiki/Gaza%E2%80%93Israel_conflict,334318.0
,,,,"Popular Front for the
Liberation of Palestine
Abu Ali Mustapha
Brigades
Islamic Jihad Movement in
Palestine
Al-Quds Brigades
Al-Aqsa Martyrs' Brigades
Popular Resistance
Committees",,,,
2009,Ongoing,"Somali Civil War (2009–present)
","Somalia
Somali Armed Forces
Regional forces:
Galmudug
Galmudug Security Force
Ahlu Sunna
Waljama'a (until 2018)
Ma'awisley
Hirshabelle
Khatumo
Southwestern Somalia
Himan and Heeb (until
2015)
United States
U.S. Army
U.S. Marine Corps
U.S. Air Force
U.S. Navy
CIA
AFRICOM
China
People's Armed Police
AUSSOM (2025–present)
Burundi (under
discussion)
Djibouti
Egypt (under
discussion)
Ethiopia
Kenya
Uganda
ATMIS (2022–2024)
Burundi
Djibouti
Ethiopia
Kenya
Uganda
AMISOM (2007–2022)
Burundi
Djibouti
Ethiopia
Ghana
Kenya
Nigeria
Sierra Leone
Uganda
Supported by:
France
Italy
Russia
Turkey
UAE
United Kingdom
Non-combat support:
European Union
EUTM Somalia
UNPOS (1995–2013)
UNSOM (2013–2024)
Brazil
Finland
Germany
Ghana
India
Indonesia
Nepal
Sierra Leone","Al-Qaeda and allies
Al-Shabaab
AQAP
AQIM
Hizbul Islam (until 2010;
2012–2013)
Alleged state allies:
Eritrea
Iran
Quds Force
Alleged non-state allies:
Houthis
Islamic State (since 2015)
Somalia Wilayah
Allies
IS-YP
Somali pirates
Somaliland
Somaliland Armed Forces
SSB
Alleged support:
Ethiopia
United Arab Emirates","Somali Civil War, conflicts in the Horn of
Africa, the Ethiopian–Somali conflict, war against the
Islamic State, Operation Enduring Freedom – Horn of
Africa, and global war on terrorism",https://en.wikipedia.org/wiki/Somali_Civil_War_(2009%E2%80%93present),https://en.wikipedia.org/wiki/Somali_Civil_War,394239.0
,,,"Sweden
Thailand
Turkey
Uganda
United Kingdom
Zimbabwe
UNTMIS (2025–present)
UNSOA (2009–2016)
UNSOS (2016–present)
Independent regional forces
Puntland
Puntland Security Force
Puntland Dervish Force
Puntland Maritime Police
Force
Jubaland
Jubaland Dervish Force
Raskamboni Movement",,,,,
2008,Ongoing,"Sudanese nomadic conflicts
","Non-Arab tribes (including
Dinka, Nuer, and Murle tribes)","Baggara Arabs (mainly Rizeigat and
Messiria tribes)",Sudanese Civil Wars,https://en.wikipedia.org/wiki/Sudanese_nomadic_conflicts,https://en.wikipedia.org/wiki/Sudanese_Civil_War_(disambiguation),47023.0
2009,2017,"Insurgency in the North Caucasus
","Russia
List
Astrakhan Oblast
Bashkortostan
Chechnya
Dagestan
Ingushetia
Kabardino-Balkaria
Karachay-Cherkessia
Moscow
North Ossetia–Alania
Novgorod Oblast
Saint Petersburg
Stavropol Krai
Volgograd Oblast
Kadyrovtsy
Other loyalists","Caucasus Emirate
(2009–17)
List
Vilayat Dagestan
Vilayat Galgayche
Vilayat Iriston
(2009)
Vilayat KBK
(2009–17)
Vilayat Nokhchicho
Riyad-us Saliheen Brigade
(2009–16)
Arab Mujahideen
(2009–12)
Turkish Mujahideen
(2009–17)
Imam Shamil Battalion (2017)
Islamic State
Wilayat al-Qawqaz","Chechen–Russian conflict, post-Soviet
conflicts and the War against the Islamic State (from
2014)",https://en.wikipedia.org/wiki/Insurgency_in_the_North_Caucasus,https://en.wikipedia.org/wiki/Chechen%E2%80%93Russian_conflict,153552.0
2009,2009,2009 Peruvian political crisis,"Government of Peru
Peruvian National Police",AIDESEP,,https://en.wikipedia.org/wiki/2009_Peruvian_political_crisis,,16940.0
2009,Ongoing,"Boko Haram insurgency
","Nigeria
Multinational Joint Task
Force[3][4][5][6]
Local militias and
vigilantes[7][8][9][10] [11]
Foreign mercenaries[12][13]
Sultan Murad
Division (from
2024)[14][15]
Supported by:
United States[16][17]
Russia[18]
China[19]
France[19]
United Kingdom[19][20]
African Union[21][22]
Turkey[23][24]
Pakistan[25][26]
Canada[27]
Egypt[28][29]
Israel[30]
European Union[31]
Colombia[32][33]
Belarus[34]","Boko Haram (2009-2015)
Ansaru (2009-2012)
Islamic State
Boko Haram (2015-2016)
ISWAP (2016–present,
originally Barnawi faction of Boko
Haram)[35][36]
ISSP
Lakurawa (2016–
present)[37]
al-Qaeda[38]
Ansaru (2012–present)[ab]
Supported by:
Al-Shabaab[43]
AQIM[44][45]
Boko Haram (2016–
present)[ac]
Shekau faction[49][50]
Several minor factions[46]","religious violence in Nigeria, the war against
the Islamic State, the Islamist insurgency in the Sahel,
and the war on terror[2]",https://en.wikipedia.org/wiki/Boko_Haram_insurgency,https://en.wikipedia.org/wiki/Religious_violence_in_Nigeria,486156.0
,,,,,,,,
2009,2009,"2009 Boko Haram uprising
",Nigerian Government,Boko Haram,Boko Haram insurgency,https://en.wikipedia.org/wiki/2009_Boko_Haram_uprising,https://en.wikipedia.org/wiki/Boko_Haram_insurgency,46866.0
2009,2026,"South Yemen insurgency
","Government
Yemen Army
Yemeni Republican
Guard
Yemeni Air Force
Yemen Paramilitary
Pro-government tribes
Al-Islah militias
Supported by:
Saudi Arabia","Southern Transitional
Council (since 2017)
Southern Movement
Southern Resistance
Security Belt
Supported by:
United Arab Emirates","Yemeni Crisis (2011–present) and the
Yemeni civil war (2014–present)",https://en.wikipedia.org/wiki/South_Yemen_insurgency,https://en.wikipedia.org/wiki/Yemeni_Crisis_(2011%E2%80%93present),46527.0
2009,2010,"Operation Scorched Earth
","Yemen
Hashed tribesmen
Saudi Arabia
Alleged support:
Morocco
Jordan","Houthis
Alleged support:
Iran
Quds Force
Hezbollah","Houthi insurgency in Yemen and Iran–Saudi
Arabia proxy conflict",https://en.wikipedia.org/wiki/Operation_Scorched_Earth,https://en.wikipedia.org/wiki/Houthi_insurgency_in_Yemen,26458.0
2009,2009,Dongo conflict,"Democratic Republic of
the Congo
Supported by:
MONUC
Rwanda (alleged)","Lobala rebels
Possibly:
Resistance Patriots of Dongo",,https://en.wikipedia.org/wiki/Dongo_conflict,,17829.0
Started,Ended,Name of conflict,Belligerents,,,,,
,,,Victorious party (if applicable),Defeat,,,,
2010,2010,"2010 South Kyrgyzstan ethnic clashes
","Kyrgyz provisional
government
Supported by:
Turkmenistan
Iran
Kazakhstan[51]
China[52]
Russia[53]
Turkey","Kyrgyzstan
Pro-Bak
Other pro
Tajik co
Tajik
Rus
Other m
Uzbekista
Sokh U
Sogme
Isla
Uzbekista
Kyrgyzsta
Pro-pro
civilians
Uzbekista
Sokh U
Sogme
U
involv.)2[66",Kyrgyz Revolution of 2010,https://en.wikipedia.org/wiki/2010_South_Kyrgyzstan_ethnic_clashes,https://en.wikipedia.org/wiki/Kyrgyz_Revolution_of_2010,41544.0
2010,2010,"2010 Kingston unrest
","Jamaica
Jamaica Constabulary
Force
Jamaica Defence Force
Foreign support:
United States:
DEA[68]
Department of Homeland
Security",Shower P,"Jamaican political conflict
in the war on drugs",https://en.wikipedia.org/wiki/2010_Kingston_unrest,https://en.wikipedia.org/wiki/Jamaican_political_conflict,22649.0
2010,2015,Insurgency in Gorno-Badakhshan (2010–2015),"Tajikistan
Armed Forces of
Tajikistan","Unite
Isla
Uzbekis
Isla
Tajikista
Lal
Pa",,https://en.wikipedia.org/wiki/Insurgency_in_Gorno-Badakhshan_(2010%E2%80%932015),,20407.0
2010,2011,"Second Ivorian Civil War
","FNCI
Liberian mercenaries[69]
RDR
UNOCI
France[70]
Ukraine[71]","Milita
Liber
COJE
FPI",Ivorian Civil Wars,https://en.wikipedia.org/wiki/Second_Ivorian_Civil_War,https://en.wikipedia.org/wiki/Ivorian_Civil_War_(disambiguation),90016.0
2011,Ongoing,"Nigerian bandit conflict
","Nigeria
Nigeria Police Force
Nigerian Armed Forces
Nigerian Army
Nigerian Air Force
Vigilante groups
Vigilante Group of Nigeria
Lakurawa (2016/2018-2023)","Various b
Hausa
Mor
Fulani m
Ali K
Dog
Kac
ban
Ada
grou
Bell
Dan",Herder–farmer conflicts in Nigeria,https://en.wikipedia.org/wiki/Nigerian_bandit_conflict,https://en.wikipedia.org/wiki/Herder%E2%80%93farmer_conflicts_in_Nigeria,139094.0
,,,,"Kac
Kac
ban
Islamist
Islami
ISWAP
Boko
Ansa
Lakurawa",,,,
2011,2023,"Sinai insurgency
","Egypt
Central Security Forces
Egyptian Ministry of the
Interior
National Security Service
National Police
Egyptian Army
Sinai Tribal Union
Supported by
United Arab Emirates
(training, counterterrorism
missions)[73]","Islamis
Ansar B
(until la
Al-Q
Taw
Al-Q
(201
Abd
Ans
Hasm M
Bedouin
Jund al
Al-Mou
Popular
Takfir w
Army of
Al Furq
Soldiers
Islam
Wilayat
Mujahid
(until 20","terrorism in Egypt, the Egyptian Crisis, and the Arab
Winter",https://en.wikipedia.org/wiki/Sinai_insurgency,https://en.wikipedia.org/wiki/Timeline_of_terrorism_in_Egypt_(2013%E2%80%93present),171090.0
2011,Ongoing,"Insurgency in Bahrain
","Bahrain
Supported by:
Saudi Arabia
United Arab Emirates","Bahr
Supporte
Iran","2011 Bahraini uprising and the Iran–Saudi Arabia
proxy conflict",https://en.wikipedia.org/wiki/Insurgency_in_Bahrain,https://en.wikipedia.org/wiki/2011_Bahraini_uprising,36193.0
2011,2011,"Libyan civil war (2011)
","Anti-Gaddafi forces
Qatar
NATO
Belgium
Bulgaria
Canada
Denmark
France
Greece
Italy
Netherlands
Norway[89]
Poland (only
humanitarian and medical
aid)[90]
Romania
Spain
Turkey
United Kingdom
United States
Other countries
Jordan[91]
Qatar
Sweden
United Arab Emirates[92]
Minor border clashes:
Tunisia
Tunisian Army
Tunisian Police",Libya,Arab Spring and the Libyan Crisis since 2011,https://en.wikipedia.org/wiki/Libyan_civil_war_(2011),https://en.wikipedia.org/wiki/Arab_Spring,379374.0
,,,"Supported by:
Egypt[93][94]",,,,,
2011,2024,Syrian civil war,"Ba'athist Syria
Hezbollah
Iran
Russia (2015–present)
Support
Iraq (2017–19)","Syria
(Syrian o
Turke
Support:
Qatar
United
Saudi A
United
France
Governm
Support:
Al-Qae
Qatar (
Saudi A
Turkey
Islam
Support
Al-Qa
Roja
Forces) (
Support:
United
Russia
France
PKK
PUK (2
KDP (2
CJTF
Participan
United
France
United
Jordan
Germa
Nether
United
Saudi A
Austra
Belgium
Bahrai
Denma
Morocc
Qatar (
Canad",,https://en.wikipedia.org/wiki/Syrian_civil_war,,3749348.0
2011,2020,"Sudanese conflict in South Kordofan and Blue Nile
",Sudan,"SRF
JEM
SP
SL
Alleged s
Ethio",Sudanese Civil Wars,https://en.wikipedia.org/wiki/Sudanese_conflict_in_South_Kordofan_and_Blue_Nile,https://en.wikipedia.org/wiki/Sudanese_Civil_War_(disambiguation),60047.0
2011,2017,"Syrian civil war spillover in Lebanon
","Lebanon
Lebanese Armed Forces
Internal Security Forces
Support:
Australia[97]
Canada[98]
China[99]","Syrian re
Fre
Sara
Isla
Fut","Arab Winter, the Spillover of the Syrian Civil War and
the Iran–Saudi Arabia proxy conflict",https://en.wikipedia.org/wiki/Syrian_civil_war_spillover_in_Lebanon,https://en.wikipedia.org/wiki/Arab_Winter,61483.0
,,,"Cyprus[100]
Czech Republic[101]
Egypt[102]
France[103]
Germany[104]
Iran[105]
Italy[106]
Jordan[107]
Netherlands[108]
Russia[109]
Saudi Arabia[103]
South Korea[110]
Spain[111]
Turkey[112]
United Kingdom[113][114]
United States[103]
Pro-Assad militant
groups:
Hezbollah
Lebanese Resistance
Brigades[115]
PFLP-GC[116]
Amal Movement[117]
Syrian Social Nationalist
Party[118]
DFLP[119]
Popular Nasserist
Organization[120]
As-Sa'iqa[121]
Fatah al-Intifada[122]
Arab Democratic Party
(until 2014)[123]
Armenian Revolutionary
Federation[124]
Arab Movement Party[125]
Support:
Ba'athist Syria[126]
Iran[127]
Russia[128]
Other militias:
Lebanese Communist
Party[129]
Fatah[130][131]","Support:
Saudi A
Al-Qa
Al-
Fat
Gh
Jun
Ha
Ab
Brigade
Os
Su
Commit
Mu
Islam
(from 201
Mili
Fre
Brigade",,,,
2011,Ongoing,"Ethnic violence in South Sudan
",Various tribes,Various trib,Sudanese nomadic conflicts,https://en.wikipedia.org/wiki/Ethnic_violence_in_South_Sudan,https://en.wikipedia.org/wiki/Sudanese_nomadic_conflicts,80623.0
2011,2012,"Operation Linda Nchi
","Kenya
TFG
Raskamboni Front[147]
ASWJ[148]
Azania",Al-Sha,"Somali Civil War (2009–present) and the Somali–
Kenyan conflict",https://en.wikipedia.org/wiki/Operation_Linda_Nchi,https://en.wikipedia.org/wiki/Somali_Civil_War_(2009%E2%80%93present),44986.0
2011,2014,"Factional violence in Libya (2011–2014)
","Libyan National Army
Special Forces (Saiqa
brigade)
Libyan Air Force[149]
Libyan Navy[150]
Government-sanctioned
local militias
Supreme Security Committee","Various m
Ga
Brig
Tou
of Libya
Ge
Zint
Pro
Arm
Mas
Kati
Al-A
S
Benghaz
Revolutio","Libyan Crisis (2011–present) (aftermath of the First
Libyan Civil War)",https://en.wikipedia.org/wiki/Factional_violence_in_Libya_(2011%E2%80%932014),https://en.wikipedia.org/wiki/Libyan_Crisis_(2011%E2%80%93present),31184.0
,,,,"Ansar A
Libya S",,,,
2011,2013,"Iraqi insurgency (2011–2013)
","Iraqi Government
Security forces
Private security contractors
Iraqi Kurdistan
Peshmerga
Asayish
CTG Kurdistan
Parastin u Zanyari
Sons of Iraq
Supported by:
United States","Islam
since Ap
Islam
Naqs
Other Su",Iraqi conflict (2003–present),https://en.wikipedia.org/wiki/Iraqi_insurgency_(2011%E2%80%932013),https://en.wikipedia.org/wiki/Iraqi_conflict_(2003%E2%80%93present),87356.0
2012[ad],Ongoing,"War in the Sahel
","Alliance of Sahel States
Mali
Niger
Burkina Faso
Benin
Togo[ae]
Ivory Coast[af]
Algeria[ag]
Mauritania[ah]
Nigeria[160]
Supported by:
Africa Corps (since
2021)[161][ai]
Turkey (since 2022)
France (2013–
2023)[163]
United States (until
2024)[164]
MINUSMA (2013–
2023)[aj]
AFISMA (2012–2013)
G5 Sahel (until 2023)","Al-Qae
Jam
Muslim
Nig
Ansaru
Boko H
Islamic
Isla
pres
Kat
201
Isla
Provinc
Azaw
Nigerien
Patriotic
Free Ar
Former be
CSP-PSD (
Co
Movem
[174] (20
MN
HC
MA
GATI
(2023–20
Patriotic Lib
2024)[176]","war on terror, spillover of the Insurgency in the
Maghreb (2002–present) and the War against the Islamic State",https://en.wikipedia.org/wiki/War_in_the_Sahel,https://en.wikipedia.org/wiki/War_on_terror,235245.0
2012,Ongoing,"Mali War
","Mali
Russia (2021–)
Africa Corps[177]
France (2013–22)
Supported by:
ECOWAS
Benin[178]
Burkina Faso (until
2025)[179]
Cape Verde[180]
Gambia[180]
Ghana[181]
Guinea[182]
Guinea-Bissau[180]
Ivory Coast[182]
Liberia[183]
Niger (until 2025)[184]
Nigeria[185]
Sierra Leone[186]
Senegal[185]
Togo[178]
Burkina Faso (2025–)
Niger (2025–)","CSP-PSD (
Co
Movem
[174] (20
GA
(2023–2
Azawa
Supporte
Ukrai
Al-Qae
AQ
An
Al-
Ja
Muslim
Boko H
MOJW
Ansar
M
(2012–1
Islamic
Sah","Islamist insurgency in the Sahel and the war on
terror",https://en.wikipedia.org/wiki/Mali_War,https://en.wikipedia.org/wiki/Islamist_insurgency_in_the_Sahel,785056.0
,,,"MINUSMA (2013–23)[al]
Supported by:
EUTM Mali (2013–23)
Others
Angola[189]
Australia[190]
Bangladesh[191]
Belgium[192]
Canada[193][194]
Comoros[195]
Czech Republic[196]
Denmark[197][198]
European Union[199][200]
Germany[201][202]
Hungary[203][204]
India[205]
Iran[206]
Ireland[207]
Italy[208]
Japan[209]
Mauritania
Namibia[210]
Netherlands[211]
North Korea[212]
Romania[213]
Spain[214][215]
Turkey
United Arab Emirates[216]
United Kingdom[217]
United States[218]
Non-state combatants:
Platform
Popular Movement for
the Salvation of Azawad
Ganda Iso
MAA-Loyaliste[219][220]
MSA (2016–)
GATIA (Ag Gamou
faction) (2014–23)[221]
Wagner Group (2021–
25)[am][222][223][224]
CSP-DPA (2021–23)
Coordination of Azawad
Movements
Platform",,,,,
2012,2012,Heglig Crisis,Sudan,"South
JEM[232
SPLM-",,https://en.wikipedia.org/wiki/Heglig_Crisis,,38460.0
2012,2013,"M23 rebellion
","Democratic Republic of the
Congo
MONUSCO
Force Intervention
Brigade
South Africa
Tanzania
Malawi[233]","March
Alleged su
Ugand
Rwand",Kivu conflict,https://en.wikipedia.org/wiki/M23_rebellion_(2012%E2%80%932013),https://en.wikipedia.org/wiki/Kivu_conflict,86185.0
2012,2012,"2012 Abyan offensive
","Yemen
Supported by:
United States
Saudi Arabia[235]","Al-Qae
Ansar",Yemeni Crisis (2011-present),https://en.wikipedia.org/wiki/2012_Abyan_offensive,https://en.wikipedia.org/wiki/Yemeni_Crisis_(2011-present),7048.0
2012,2012,Baragoi clashes,Samburu tribe,Turkana tri,,https://en.wikipedia.org/wiki/Baragoi_clashes,,8242.0
2012,Ongoing,Central African Republic Civil War,"Central African Republic
Central African Armed
Forces
MINUSCA (since 2014)
Rwanda (since 2020)[236]","Coalit
(since 202
Ant
3R",,https://en.wikipedia.org/wiki/Central_African_Republic_Civil_War,,372851.0
,,,"Russia (since 2018)[236]
Wagner Group[237]
Russian Imperial
Movement[238]
Black Russians[239]
Azande Ani Kpi Gbe[240]
Formerly:
South Africa (2013)
MISCA (2013–2014)
MICOPAX (2008–2013)
Angola
Cameroon
Chad
Morocco[241]
Uganda
Congo-Brazzaville
DRC
Gabon
Burundi
Equatorial Guinea
São Tomé and Príncipe
France (2013–2021)[242]
EUFOR RCA
(2014–2015)
Estonia
Finland
Georgia
Latvia
Luxembourg
Netherlands
Portugal
Poland
Romania
Spain
Italy","UP
FP
MP
PRNC
CMSP
Support:
Ch
RS
Defunct gr
Séléka
CPJP
CPSK
UFDR
FDPC
FPR
RJ (20
MNLC
MLCJ
RPRC",,,,
2013,2013,"Lahad Datu standoff
","Malaysia
Sabahan local
villagers[246][247][248]
Supported by:
Philippines[note 3][249]","Sulta
Kiram III's
Filipino il
combativ
Supporte
Mor
Front (Mi","North Borneo dispute and cross border attacks in
Sabah",https://en.wikipedia.org/wiki/2013_Lahad_Datu_standoff,https://en.wikipedia.org/wiki/North_Borneo_dispute,170003.0
2013,2018,"Batwa–Luba clashes
","Pygmy batwa militias
""Perci""[251]","Luba militia
""Eleme",Katanga insurgency,https://en.wikipedia.org/wiki/Batwa%E2%80%93Luba_clashes,https://en.wikipedia.org/wiki/Katanga_insurgency,11164.0
2013,2021,RENAMO insurgency (2013–2021),Mozambique,"RENA
RENAMO M",,https://en.wikipedia.org/wiki/RENAMO_insurgency_(2013%E2%80%932021),,20755.0
2013,2013,"Zamboanga City crisis
",Philippines,Bang,Moro conflict,https://en.wikipedia.org/wiki/Zamboanga_City_crisis,https://en.wikipedia.org/wiki/Moro_conflict,74139.0
2013,2020,"South Sudanese Civil War
","South Sudan
SPLA
Air Force
Mathiang Anyoor
Maban Defence Force[253]
Allied militias:
SSLM
SRF
JEM[ao]
SPLM-N[258][256] (alleged)
SLA-AW[259]
SLA-MM[259]
EUPF[260] (alleged)
State allies:
Uganda
Egypt[261] (alleged)","UNM
Re
SPLM
Nuer
SSDM
Co
Greater
2015)[26
Agw
TFNF[272
SSFDP[2
South
Army[274]
NAS
Arrow Bo
Wau",Ethnic violence in South Sudan[252],https://en.wikipedia.org/wiki/South_Sudanese_Civil_War,https://en.wikipedia.org/wiki/Ethnic_violence_in_South_Sudan,429609.0
,,,,"SSOA
SSO
2020)
Supporte
Suda
claim)[277]",,,,
2013,2017,"War in Iraq (2013–2017)
","Central government of
Iraq[278]
Iraqi Armed Forces
Iraqi Ground Forces
Iraqi Air Force
CTS-ISOF
Popular Mobilization
Forces
Assyrian Forces (Iraqi
command)
Federal Police
Kurdistan Region[278]
Peshmerga
Zeravani
Kurdistan Region Security
Council
CTG Kurdistan
Parastin u Zanyari
Assyrian Forces (Kurdish
command)
Allied groups:
Sinjar Alliance
PKK[279]
Rojava[279]
Kurdish National
Council[280]
Iraqi Turkmen Front
Iraqi Communist Party
Various self-defense
groups
Others:
Iran
Hezbollah
Syria[281]
CJTF–OIR
United States
United Kingdom
Canada[282][283]
Australia[284]
France
Italy
Netherlands
New Zealand[285]
Finland[286]
Denmark[287]","Islamic
Sunni Insu
2015)
Na
2015)
An
2015)
GM
Ar
Fr
Isl
2014)
1920 R
2015)[2","Iraqi conflict, spillover of the Syrian civil war, War
against the Islamic State, and the war on terror",https://en.wikipedia.org/wiki/War_in_Iraq_(2013%E2%80%932017),https://en.wikipedia.org/wiki/Iraqi_conflict,358520.0
2014,Ongoing,"Russo-Ukrainian War (outline)
","Russia
Donetsk PR[aq]
Luhansk PR[aq]
North Korea[290]
Belarus[ar]
Supplied by:
For details, see Russian
military suppliers","Ukrai
Supplied
For coun
Ukraine s
aid to Uk",conflicts in territory of the former Soviet Union,https://en.wikipedia.org/wiki/Outline_of_the_Russo-Ukrainian_War,https://en.wikipedia.org/wiki/Russo-Ukrainian_War,216780.0
2014,2014,2014 Aswan tribal clashes,Arabic Al-Halayel clan,Nubian Al-D,,https://en.wikipedia.org/wiki/2014_Aswan_tribal_clashes,,4305.0
2014,2020,"Libyan civil war (2014–2020)
","House of
Representatives (Tobruk-
based)[295][296]
Libyan National
Army[297][298]
Libyan Air Force
(LNA–aligned)
Libyan Navy
(LNA–aligned)","Go
Accord
2016)
Lib
Lib
(GNA–a
Lib
(GNA–a
Others:","Arab Winter, the Libyan Crisis, the Iran–Saudi Arabia
proxy conflict, the war on terror, and the Qatar–Saudi Arabia
diplomatic conflict",https://en.wikipedia.org/wiki/Libyan_civil_war_(2014%E2%80%932020),https://en.wikipedia.org/wiki/Arab_Winter,397942.0
,,,"Others:
Zintan brigades[299]
JEM[300] (from 2016)
SLM/A-Minnawi[301][302]
Gaddafi loyalists[303]
Popular Front for the
Liberation of Libya
Warshefana militias
[299][304][305]
Wagner Group
(from 2018)
[306][307][308][309][310]
Egypt[311][312][313]
United Arab
Emirates[311][314][315][316]
RSF[317] (from 2019)
Ba'athist Syria
(2020)[318][319][320]
Hezbollah
(allegedly)[321][322]
Israel
(allegedly, denied by
LNA)[323][324][325][326][327]
Iran[328]
Support:
Russia[329][330]
France[331][332][333][334]
Saudi Arabia[335]
Chad[336]
Jordan[337][338][305]
Belarus[339][340]
Greece[341][342]
Cyprus[343]
United States[344][345]
United Kingdom[346]","Presidentia
Misrata Bri
Sabratha R
Petroleum
Tripoli Prot
Misratan Th
Tuareg mili
Toubou
Libya[353]
Chadian re
CCMSR,[35
Turke
Syria
2019)[359
P
Committe
Ham
by Hama
Support:
Qatar[3
Sudan
Pakista
Iran[36
Moroc
Malta[3
Italy[37
Europe
Greece, Cy
United
United
Ukrain
Algeria
United
N
Governm
(2014–20
Libya D
LRO
Liby
Support:
Sudan
Turkey
Qatar
Iran[38
Ukrain
Islam
(from 201
Wilayat
Wilayat
Wilayat
Support:
AQIM (
in 2016[392
al-Qae
(2014–201
Shura
Benghazi R
(2014–201
SCBR
militia:
Ansar
(2014–201
Libya Shiel
(2014–16)
Rafallah al-
Others:",,,,
,,,,"Bengh
Brigades[39
Ajdabiy
Council (20
Derna",,,,
2014,Ongoing,"War against the Islamic State
","In multiple regions:
CJTF–OIR
IMCTC
In Iraq
Iraq
Iraqi Kurdistan
United States
Iran[400]
In Syria
Ba'athist Syria (2011–2024)
Russia
Iran
Syrian transitional
government (since 2024)
Turkey[401]
Syrian Salvation
Government (2017–2024)
Syrian Interim Government
(2013–2025)
Autonomous Administration
of North and East Syria (2015–
present)
United States
In the Levant
Egypt (See: Sinai insurgency)
Israel[402]
Hamas
In Libya
Libya
Government of National
Accord
House of Representatives
Egypt
France
United States
In Afghanistan
Islamic Republic of
Afghanistan
Islamic Emirate of
Afghanistan (Taliban, conflict
since 2015)[403][404]
In West Africa
Multinational Joint Task
Force","Islamic
Wil
(in Liby
Wil
(in the S
ISW
(West A
IS-
(Sahel)
IS-
(Centra
Ans
(in Moz
Wil
(in Afgh
Wil
(in the N
Abu
(in Sout
Wil
(in Som","war on terror, the Second Libyan Civil War, the War
in Iraq (2013–2017), the Syrian civil war and its spillover, the
Sinai insurgency, the Boko Haram insurgency, the insurgency in
the North Caucasus, the Moro conflict, the insurgency in Cabo
Delgado, the Islamic State insurgency in Puntland the Sahel
War and the Salafi-jihadist insurgency in the Gaza Strip",https://en.wikipedia.org/wiki/War_against_the_Islamic_State,https://en.wikipedia.org/wiki/War_on_terror,499572.0
2014,2014,"2014 Gaza War
",Israel,"Gaza S
Ha
Pa
Po
Liberati
De
Liberati
Po
Commit
Ab
Jaysh
Al-A",Gaza–Israel conflict,https://en.wikipedia.org/wiki/2014_Gaza_War,https://en.wikipedia.org/wiki/Gaza%E2%80%93Israel_conflict,362307.0
2014,Ongoing,"Yemeni civil war (2014–present)
","Supreme Political Council
(formerly SRC)
Houthis
GPC (pro-Houthi)
Saleh loyalists (until 2017)
Pro-Houthi Popular
Committees[410]
Sanaa-GPC forces[411]","Repub
(internation
PLC since
Ye
Re
GP
STC (2
present
Nation
present","Yemeni crisis, the Arab Winter, the war on terror, and
the Iran–Saudi Arabia proxy conflict",https://en.wikipedia.org/wiki/Yemeni_civil_war_(2014%E2%80%93present),https://en.wikipedia.org/wiki/Yemeni_crisis,1565185.0
,,,,"Gia
Ha
Alliance
Al-I
Ba
Saleh l
present
Popula
Popula
Saudi-
Saudi A
United
Sudan
Seneg
Moroc
Qatar
Kuwait
Bahrai
Acade
16)[436] Jan
STC (201
Emirates[
Al-Qae
AQ
Counc
Sunna w
Hadhra
council[
Dhi Na
Al-Ham
Islamic
Ye",,,,
2014,2015,"Houthi takeover in Yemen
","Houthis
Saleh Security forces
Republican Guard","Cabine
Secu
Al-Is
Unite
Saud",Yemeni civil war (2014–present),https://en.wikipedia.org/wiki/Houthi_takeover_in_Yemen,https://en.wikipedia.org/wiki/Yemeni_civil_war_(2014%E2%80%93present),117687.0
2015,Ongoing,"Islamic State–Taliban conflict
","Afghanistan
Taliban
Haqqani network[449]
Al-Qaeda[450]
Islamic Movement of
Uzbekistan (pro-Taliban & anti-IS
factions)[451]
Turkistan Islamic Party
Pakistani Taliban","Islamic
Khoras
IS cent
Mullah
Fidai M
Islamic
(pro-IS factio","Afghan conflict, war on terror, and al-Qaeda–Islamic
State conflict",https://en.wikipedia.org/wiki/Islamic_State%E2%80%93Taliban_conflict,https://en.wikipedia.org/wiki/Afghan_conflict,207869.0
2015,2022,"Islamic State insurgency in Tunisia
","Tunisia
Tunisian National Guard
Tunisian Army
Tunisian Police","Islamic
Islamic
Islamic
Provinc
Islamic
Uqba ib
Ansar a
(only in","spillover of the Second Libyan Civil War,
the Arab Winter, war on terror and War against the Islamic State",https://en.wikipedia.org/wiki/Islamic_State_insurgency_in_Tunisia,https://en.wikipedia.org/wiki/Libyan_civil_war_(2014%E2%80%932020),30929.0
2015,2025,"Kurdish–Turkish conflict (2015–2025)
",Turkey,"Kurdis
(KCK)
PK
SD
PF
HBDH
Kurdis","Kurdistan Workers' Party insurgency, Kurdish–
Turkish conflict and the Spillover of the Syrian civil war",https://en.wikipedia.org/wiki/Kurdish%E2%80%93Turkish_conflict,https://en.wikipedia.org/wiki/Kurdistan_Workers'_Party_insurgency,227098.0
2016,Ongoing,"2016 Niger Delta conflict
","Nigeria
Niger Delta Revolutionary
Crusaders (since 2019)[457]
Nigerian Armed Forces","Niger Delta
Militant or
Adaka Boro
Asawana D",conflict in the Niger Delta,https://en.wikipedia.org/wiki/2016_Niger_Delta_conflict,https://en.wikipedia.org/wiki/Conflict_in_the_Niger_Delta,18928.0
,,,"Involved states
Abia State
Akwa Ibom State
Bayelsa State
Cross River State
Delta State
Edo State
Imo State
Ondo State
Rivers State","Niger Delta
Niger Delta
Mandate
Niger Delta
Niger Delta
Niger Delta
Niger Delta
(until 2019)
Reformed E
Egbesu Bo
Egbesu Re
Egbesu Mig
Ind
Biafra[459",,,,
2016,2016,"2016 Nagorno-Karabakh conflict
","Artsakh
Armenia",Azerb,Nagorno-Karabakh conflict,https://en.wikipedia.org/wiki/2016_Nagorno-Karabakh_conflict,https://en.wikipedia.org/wiki/Nagorno-Karabakh_conflict,55419.0
2016,2017,Pool War,Republic of the Congo,Ninja mili,,https://en.wikipedia.org/wiki/Pool_War,,24593.0
2016,Ongoing,"Philippine drug war
","Philippine
government
Philippine National Police
Inter-Agency Committee
on Anti-Illegal Drugs
Philippine Drug
Enforcement Agency
National Bureau of
Investigation
Armed Forces of the
Philippines
Bureau of Customs
Department of Justice
Anti-Money Laundering
Council
Philippine Coast Guard
Non-state participants,
armed organizations:
CPP-NPA[460]
(until August 2016[note 4])
MILF[462]
Vigilantes[463]
Davao Death Squad
Hired hitmen
Foreign support:[note 5]
China
(intelligence and financial
support)[464][465]
Singapore
(intelligence support)[466]
United States
(financial support)[467][464]","Philippin
gangs:
Kuraton
Waray-W
Bahala
Sigue S
Foreign d
Sin
Chinese
Colomb
(alleged
Jihadist
groups:
Abu
Ninja c
engaged
Suspecte","Civil conflict in the Philippines, Cross border attacks
in Sabah, spillovers of the Colombian Conflict and Mexican
drug war and of the Insurgency in south Thailand and War
against Islamic State",https://en.wikipedia.org/wiki/Philippine_drug_war,https://en.wikipedia.org/wiki/Civil_conflict_in_the_Philippines,451505.0
2016,2019,Kamwina Nsapu rebellion,"DR Congo
Allied militias:
Bana Mura[476]
Ecurie Mbembe[477]
Smaller pro-government
groups","Kamw
Various",,https://en.wikipedia.org/wiki/Kamwina_Nsapu_rebellion,,32014.0
2016,Ongoing,"Conflict in Rakhine State
","Myanmar
Allied groups:
Arakan Liberation Army","Arakan
Support:
Asho Chin
People
(Magway)
Araka
Army
Rohing",Myanmar civil war and Rohingya conflict,https://en.wikipedia.org/wiki/Conflict_in_Rakhine_State_(2016%E2%80%93present),https://en.wikipedia.org/wiki/Myanmar_conflict,63471.0
,,,,"Rohingya I
Arakan R",,,,
2016,2016,Kasese clashes,Uganda,Rwenz,,https://en.wikipedia.org/wiki/Kasese_clashes,,13054.0
2016,Ongoing,Insurgency in Chad (2016–present),"Chad
France (until 2025)
Central African
Republic (2023)
JEM","FACT
CCMSR
UFR
FNDJT
MDJT[480
UFDD
FPRN[481
FPR
MRST[482
RPJET
(At leas
overall)",,https://en.wikipedia.org/wiki/Insurgency_in_Chad_(2016%E2%80%93present),,46502.0
2017,2017,"2017 Afghanistan–Pakistan border skirmish
",Pakistan,Afghan,Afghanistan–Pakistan skirmishes,https://en.wikipedia.org/wiki/2017_Afghanistan%E2%80%93Pakistan_border_skirmish,https://en.wikipedia.org/wiki/Afghanistan%E2%80%93Pakistan_skirmishes,8639.0
2017,2020,"2017–2020 Qatif unrest
",Saudi Arabia,"Hezbollah A
Other Shia
Supported
Saraya al-M
Bahrai",Qatif conflict,https://en.wikipedia.org/wiki/2017%E2%80%932020_Qatif_unrest,https://en.wikipedia.org/wiki/Qatif_conflict,20201.0
2017,2017,"Siege of Marawi
",Philippines,Islamic,Moro conflict and the war against the Islamic State,https://en.wikipedia.org/wiki/Siege_of_Marawi,https://en.wikipedia.org/wiki/Moro_conflict,439062.0
2017,Ongoing,"Anglophone Crisis
",Cameroon,Ambaz,Anglophone problem,https://en.wikipedia.org/wiki/Anglophone_Crisis,https://en.wikipedia.org/wiki/Anglophone_problem,350799.0
2017,Ongoing,"Insurgency in Cabo Delgado
","Mozambique
Rwanda
(from 2021)[484]
Southern African
Development Community
(from 2021)
South Africa
Botswana
Lesotho
Tanzania
Angola
Zambia
Malawi
DRC
Namibia
Private Military Companies
Dyck Advisory Group
Control Risks
Paramount Group
Frontier Services Group
Wagner Group","Ansa
Islami
Bandits[4","war against the Islamic State, Islamic terrorism in
Africa and the war on terror",https://en.wikipedia.org/wiki/Insurgency_in_Cabo_Delgado,https://en.wikipedia.org/wiki/War_against_the_Islamic_State,209116.0
2017,2017,"2017 Iraqi–Kurdish conflict
","Iraq
Supported by:
Iran[486]","Kurdis
PKK[48
PDKI[4
White",Iraqi–Kurdish conflict,https://en.wikipedia.org/wiki/2017_Iraqi%E2%80%93Kurdish_conflict,https://en.wikipedia.org/wiki/Iraqi%E2%80%93Kurdish_conflict,81056.0
2017,Ongoing,"Islamic State insurgency in Iraq (2017–present)
","Iraq
Iraqi Federal Police
Iraqi Armed Forces
Special Operations
Forces (SOF)
Popular Mobilization
Forces (PMF)
Pro-Government Tribes
(ar)[490]
Islamic Resistance in Iraq
Supported by:
Iran","Islami
White",Iraqi conflict and war against the Islamic State,https://en.wikipedia.org/wiki/Islamic_State_insurgency_in_Iraq_(2017%E2%80%93present),https://en.wikipedia.org/wiki/Iraqi_conflict,155441.0
,,,"Rojava (cross-border
cooperation since May
2018)[491]
Supported by:
CJTF-OIR
United States
United Kingdom
France
Kurdistan Region
Peshmerga
Supported by:
Netherlands[492]",,,,,
2018,Ongoing,"War on drugs in Ecuador
","Government of
Ecuador
National Police of Ecuador
Armed Forces of Ecuador
Ecuadorian Army
Ecuadorian Navy
Ecuadorian Air Force
Armed civilians
Counter-terrorist PMCs
Supported by:
United States
CIA
Canada
Colombia
Mexico (until 2024)
Peru","Organize
Sinaloa
Los Ch
CJNG
Los Lob
Chone
Los Tig
Los Lag
Latin Ki
NETA A
PCE-SR
FARC–
FARC d
ELN
La Emp
Other gro",war on drugs,https://en.wikipedia.org/wiki/War_on_drugs_in_Ecuador,https://en.wikipedia.org/wiki/War_on_drugs,39434.0
2018,Ongoing,"Catatumbo campaign
","Colombia
2nd Division","Pop
(EPL)
Nati
(ELN)
Nororie
Los Rast
FARC dis","Colombian conflict (1964–present), the war on drugs
(1993–present), and the Crisis in Venezuela (2010–present)",https://en.wikipedia.org/wiki/Catatumbo_campaign,https://en.wikipedia.org/wiki/Colombian_conflict,93350.0
2018,2018,"2018 Armenian–Azerbaijani clashes
",Azerbaijan,Arme,Nagorno-Karabakh conflict,https://en.wikipedia.org/wiki/2018_Armenian%E2%80%93Azerbaijani_clashes,https://en.wikipedia.org/wiki/Nagorno-Karabakh_conflict,10492.0
2018,Ongoing,"OLA insurgency
","Ethiopia
Oromia",OLA,"Oromo conflict and Ethiopian civil conflict (2018–
present)",https://en.wikipedia.org/wiki/OLA_insurgency,https://en.wikipedia.org/wiki/Oromo_conflict,44337.0
2018,2018,"November 2018 Gaza–Israel clashes
",Israel,"Gaza
Ha
Islamic
PFLP
al-Aqsa
PRC",Gaza–Israel conflict,https://en.wikipedia.org/wiki/November_2018_Gaza%E2%80%93Israel_clashes,https://en.wikipedia.org/wiki/Gaza%E2%80%93Israel_conflict,21512.0
2019,2019,"2019 India–Pakistan border skirmishes
","India
Indian Army
Indian Air Force
Indian Navy
CRPF","Jaish-
Pakis
Pa
Pa
Pa",Indo−Pakistani conflicts and the Kashmir conflict,https://en.wikipedia.org/wiki/2019_India%E2%80%93Pakistan_border_skirmishes,https://en.wikipedia.org/wiki/Indo-Pakistani_wars_and_conflicts,234344.0
,,,,,,,,
2019,2019,"May 2019 Gaza–Israel clashes
",Israel,"Gaza
Ha
Pa
Nat",Gaza–Israel conflict,https://en.wikipedia.org/wiki/May_2019_Gaza%E2%80%93Israel_clashes,https://en.wikipedia.org/wiki/Gaza%E2%80%93Israel_conflict,13638.0
2019,2022,"Benishangul-Gumuz conflict
","Ethiopia
ENDF
Benishangul-Gumuz
Region
Amhara Region
Fano militias[493]","Gumu
Movemen
Be
Liberation
Orom
Tigra
Front (alle
Support:
Suda
only)[496]
E
Ethiopia)",Ethiopian civil conflict (2018–present),https://en.wikipedia.org/wiki/Benishangul-Gumuz_conflict,https://en.wikipedia.org/wiki/Ethiopian_civil_conflict_(2018%E2%80%93present),19691.0
2019,2019,"November 2019 Gaza–Israel clashes
",Israel,Pales,Gaza–Israel conflict,https://en.wikipedia.org/wiki/November_2019_Gaza%E2%80%93Israel_clashes,https://en.wikipedia.org/wiki/Gaza%E2%80%93Israel_conflict,13700.0
